GEO_ID,Estimate!!Median value (dollars)
36001000100,129200
36001000200,215100
36001000300,123600
36001000401,162100
36001000403,208300
36001000404,187500
36001000501,156900
36001000502,168200
36001000600,75700
36001000700,86300
36001000800,81500
36001001100,137500
36001001400,250800
36001001500,171300
36001001600,191200
36001001700,249300
36001001801,213800
36001001802,173400
36001001901,182600
36001001902,175800
36001002000,162600
36001002100,127800
36001002200,168500
36001002300,124600
36001002500,86900
36001002600,104100
36001012700,133000
36001012800,118900
36001012900,121800
36001013000,162700
36001013100,121200
36001013200,130500
36001013300,135300
36001013400,126700
36001013503,273300
36001013505,199100
36001013506,212100
36001013507,207000
36001013508,240700
36001013601,271300
36001013602,211100
36001013703,228200
36001013705,207400
36001013706,362600
36001013707,243300
36001013801,181500
36001013802,236100
36001013901,167200
36001013902,197700
36001014001,166400
36001014002,160700
36001014100,275000
36001014201,252300
36001014202,256500
36001014203,292100
36001014301,174400
36001014302,256900
36001014401,164900
36001014402,160800
36001014501,249300
36001014502,216800
36001014503,227600
36001014606,225300
36001014607,253900
36001014608,185800
36001014609,190200
36001014611,329100
36001014612,237600
36001014613,221300
36001014614,276500
36001014615,325000
36001014700,197900
36001014801,177900
36001014802,169600
36001014803,182800
36003940200,-
36003950100,72400
36003950300,81000
36003950400,73300
36003950500,71700
36003950600,57200
36003950700,56400
36003950800,97400
36003950900,57000
36003951000,61100
36003951100,60400
36003951200,57500
36003951300,69200
36005000100,-
36005000200,392500
36005000400,393700
36005001600,378100
36005001900,-
36005002000,398100
36005002300,-
36005002400,-
36005002500,381300
36005002701,-
36005002702,350000
36005002800,262000
36005003100,115600
36005003300,335700
36005003500,-
36005003700,-
36005003800,472100
36005003900,467300
36005004001,361400
36005004100,237000
36005004200,211000
36005004300,423700
36005004400,641800
36005004600,87300
36005004800,230600
36005005001,380400
36005005002,-
36005005100,-
36005005200,214600
36005005300,-
36005005400,446400
36005005600,460700
36005005902,157300
36005006000,487500
36005006100,25100
36005006200,505700
36005006300,242600
36005006400,449500
36005006500,34400
36005006700,460400
36005006800,486100
36005006900,462200
36005007000,471800
36005007100,222900
36005007200,415000
36005007300,428000
36005007400,349200
36005007500,254000
36005007600,453100
36005007700,441000
36005007800,454900
36005007900,-
36005008300,310300
36005008400,440900
36005008500,408500
36005008600,379800
36005008700,302200
36005008900,339500
36005009000,372500
36005009200,437900
36005009300,433600
36005009600,523100
36005009800,408500
36005011000,-
36005011502,372200
36005011700,-
36005011800,437300
36005011900,377800
36005012101,464400
36005012102,350000
36005012300,370800
36005012500,426400
36005012701,340500
36005012901,291200
36005013000,495700
36005013100,434500
36005013200,454100
36005013300,219300
36005013500,293600
36005013800,304600
36005014100,-
36005014300,-
36005014400,462200
36005014500,541700
36005014701,-
36005014702,-
36005014900,450000
36005015100,395500
36005015200,430900
36005015300,326200
36005015500,-
36005015700,363600
36005015800,494100
36005015900,148600
36005016000,443000
36005016100,500000
36005016200,473900
36005016300,-
36005016400,448900
36005016500,-
36005016600,432400
36005016700,-
36005016900,355800
36005017100,-
36005017300,352600
36005017500,-
36005017701,517900
36005017702,384800
36005017901,586400
36005017902,-
36005018101,454800
36005018102,559500
36005018301,166700
36005018302,148900
36005018400,463700
36005018500,411500
36005018900,232500
36005019300,226100
36005019400,447800
36005019500,237500
36005019700,204400
36005019900,470700
36005020000,464500
36005020100,"10,000-"
36005020200,509500
36005020400,511800
36005020501,480600
36005020502,415700
36005020601,464700
36005020900,-
36005021001,131700
36005021002,121800
36005021100,-
36005021200,124100
36005021301,625000
36005021302,474600
36005021501,427400
36005021502,159800
36005021601,141200
36005021602,122800
36005021700,267300
36005021800,433300
36005021900,-
36005022000,489100
36005022101,-
36005022102,225000
36005022200,373900
36005022300,-
36005022401,139300
36005022403,105400
36005022404,110300
36005022500,466700
36005022701,441300
36005022702,-
36005022703,-
36005022800,462700
36005022901,-
36005022902,-
36005023000,471400
36005023100,-
36005023200,419900
36005023301,-
36005023302,350000
36005023501,-
36005023502,255000
36005023600,454500
36005023702,"1,000,000+"
36005023703,41200
36005023704,-
36005023800,458600
36005023900,-
36005024000,433200
36005024100,375000
36005024300,359600
36005024400,440100
36005024501,522300
36005024502,580700
36005024600,483500
36005024700,-
36005024800,500700
36005024900,-
36005025000,474300
36005025100,444100
36005025200,480300
36005025300,439200
36005025400,476700
36005025500,532900
36005025600,445200
36005025700,172200
36005026100,139100
36005026300,-
36005026400,429200
36005026500,554500
36005026601,424600
36005026602,436100
36005026701,-
36005026702,437000
36005026900,153800
36005027300,198200
36005027401,518800
36005027402,562000
36005027600,-
36005027700,356300
36005027900,260500
36005028100,26600
36005028300,19000
36005028400,-
36005028500,416700
36005028600,448500
36005028700,465000
36005028800,526000
36005028900,16800
36005029301,482600
36005029302,251600
36005029500,247000
36005029600,524700
36005029700,309700
36005030000,449800
36005030100,386300
36005030200,80300
36005030701,405000
36005030900,500600
36005031000,553300
36005031200,462900
36005031400,455600
36005031600,515000
36005031800,469700
36005031900,-
36005032300,275700
36005032400,407600
36005032600,482700
36005032800,495300
36005033000,450500
36005033201,178900
36005033202,308100
36005033400,343800
36005033500,378800
36005033600,159800
36005033700,617600
36005033800,431100
36005034000,464600
36005034200,415900
36005034300,571800
36005034400,402300
36005034500,374500
36005034800,408100
36005035000,415900
36005035100,327200
36005035600,486300
36005035800,426700
36005035900,460900
36005036000,469500
36005036100,348500
36005036300,284000
36005036400,395300
36005036501,340900
36005036502,462100
36005036700,497400
36005036800,337600
36005036901,-
36005036902,"1,000,000+"
36005037000,415700
36005037100,353800
36005037200,376100
36005037300,315400
36005037400,475000
36005037504,333300
36005037600,453900
36005037800,419200
36005037900,356500
36005038000,262500
36005038100,418100
36005038200,430100
36005038301,346200
36005038302,-
36005038500,518600
36005038600,439700
36005038700,380500
36005038800,388900
36005038900,444800
36005039000,442000
36005039100,455100
36005039200,439300
36005039300,615000
36005039400,425000
36005039500,361400
36005039600,369700
36005039700,-
36005039800,397300
36005039901,436500
36005039902,275000
36005040100,382100
36005040302,-
36005040303,320000
36005040304,330500
36005040400,452500
36005040501,419400
36005040502,360300
36005040600,426900
36005040701,-
36005040702,342300
36005040800,431900
36005040900,33000
36005041100,164800
36005041300,169300
36005041400,414700
36005041500,407600
36005041800,450800
36005041900,248100
36005042000,374200
36005042100,146700
36005042200,411700
36005042300,475000
36005042400,358700
36005042500,476900
36005042600,464000
36005042800,403200
36005042901,311100
36005042902,365600
36005043000,393400
36005043100,311300
36005043400,493000
36005043500,312500
36005043600,363400
36005044200,373600
36005044400,405100
36005044800,385400
36005044901,425000
36005044902,439100
36005045101,386500
36005045102,435400
36005045600,473000
36005045800,-
36005046000,374300
36005046201,70300
36005046202,388400
36005048400,408900
36005050400,-
36005051600,578600
36007000100,77200
36007000200,65900
36007000300,61900
36007000400,67400
36007000500,64000
36007000600,74300
36007000700,77800
36007000900,71400
36007001100,47000
36007001200,66700
36007001300,75300
36007001400,102900
36007001500,129500
36007001600,125400
36007001700,87400
36007001800,77600
36007010200,98700
36007011901,100500
36007011902,95000
36007011903,85200
36007012000,85800
36007012101,109100
36007012102,151100
36007012103,117900
36007012201,95000
36007012202,86800
36007012300,124900
36007012400,98000
36007012500,89400
36007012600,108700
36007012701,100300
36007012702,131300
36007012800,100000
36007012900,109300
36007013000,143600
36007013100,78100
36007013201,98500
36007013202,136000
36007013301,93000
36007013303,120900
36007013304,154300
36007013400,78500
36007013500,90600
36007013600,85400
36007013700,78500
36007013800,76400
36007013900,64500
36007014000,66900
36007014100,82300
36007014200,116900
36007014301,192900
36007014302,164000
36007014400,110500
36007014500,113100
36007014600,139800
36009940000,118800
36009940200,-
36009940300,68700
36009960100,86800
36009960200,78800
36009960300,94100
36009960400,75300
36009960500,70300
36009960600,74300
36009960702,114200
36009960800,68700
36009961000,83000
36009961100,95700
36009961200,66400
36009961300,72500
36009961400,75900
36009961500,75300
36009961600,67100
36009961700,61500
36009961800,71400
36009962200,77500
36011040100,82700
36011040200,96400
36011040300,86000
36011040400,85100
36011040500,102200
36011040600,148600
36011040700,147500
36011040800,113700
36011040900,88800
36011041000,115300
36011041100,115100
36011041200,107800
36011041300,72900
36011041400,92400
36011041500,107200
36011041600,103000
36011041700,104800
36011041800,88700
36011042100,61800
36011990200,-
36013030100,55600
36013030200,67700
36013030300,38400
36013030400,66200
36013030500,49500
36013030600,46900
36013030700,68600
36013030800,69300
36013035100,84200
36013035300,117800
36013035400,51600
36013035500,53600
36013035600,61600
36013035700,60500
36013035800,121700
36013035901,120500
36013035902,95500
36013036000,94100
36013036100,76900
36013036300,84600
36013036401,119500
36013036402,80200
36013036500,84600
36013036600,91300
36013036700,77800
36013036800,86000
36013036901,79500
36013036902,118800
36013037000,96200
36013037100,86500
36013037200,70800
36013037300,82600
36013037400,72000
36013037500,85100
36013037600,90800
36013990000,-
36015000100,43600
36015000200,72900
36015000300,-
36015000400,76200
36015000500,83200
36015000600,58900
36015000700,70800
36015000900,65100
36015001000,56000
36015001100,59800
36015010100,82600
36015010200,92500
36015010300,137000
36015010400,99400
36015010500,78000
36015010600,84400
36015010700,130100
36015010800,67500
36015010900,124200
36015011000,86000
36015011100,73200
36015011200,92600
36017970100,91300
36017970200,76600
36017970300,109600
36017970400,82400
36017970500,89700
36017970601,79300
36017970602,97400
36017970700,85900
36017970801,87600
36017970802,88900
36017970900,85200
36017971000,102900
36019100100,118900
36019100200,125900
36019100300,91100
36019100400,83100
36019100600,130700
36019100700,150900
36019100800,128000
36019100900,123100
36019101000,181100
36019101100,-
36019101300,122800
36019101400,137500
36019101600,32600
36019101700,120600
36019101800,113100
36019101900,124600
36019102000,90600
36019102100,131200
36019102200,93200
36021000100,226700
36021000200,258700
36021000300,289500
36021000401,284900
36021000402,227600
36021000500,184400
36021000600,193600
36021000700,200200
36021000800,353900
36021000900,257200
36021001000,177100
36021001100,170700
36021001200,158200
36021001300,201800
36021001400,210100
36021001500,293900
36021001600,215900
36021001700,248800
36021001800,240000
36021001900,279200
36021002000,258100
36023970100,84200
36023970200,109200
36023970300,98700
36023970400,83100
36023970500,83400
36023970600,88900
36023970700,99600
36023970800,94400
36023970900,81800
36023971000,135700
36023971100,85800
36023971200,107000
36025970100,88600
36025970200,155600
36025970300,141100
36025970400,88700
36025970500,96000
36025970600,109300
36025970700,167000
36025970800,165300
36025970900,-
36025971000,131700
36025971100,152600
36025971200,213200
36025971300,146300
36025971400,143400
36027010000,199300
36027020003,310800
36027020004,381700
36027020005,371400
36027030000,381500
36027040001,245100
36027040003,311200
36027050102,323100
36027050103,381400
36027050104,483000
36027050203,369800
36027050204,454200
36027050205,390200
36027060100,357000
36027060201,319400
36027060202,268700
36027060301,341200
36027060302,296900
36027060400,239500
36027070101,283900
36027070102,272700
36027070201,281400
36027070301,247600
36027070401,238400
36027080103,356400
36027080104,430400
36027080201,350800
36027080202,319600
36027090000,348900
36027100000,262000
36027110003,378800
36027110004,399600
36027110005,379800
36027120000,273400
36027130003,327800
36027130004,354500
36027130005,317000
36027140101,233800
36027140200,265200
36027140300,232300
36027140400,365300
36027140500,242100
36027140602,299000
36027140700,304800
36027140801,264200
36027150003,314000
36027150004,321500
36027150005,339300
36027150006,257100
36027160003,427600
36027160004,396200
36027160005,362300
36027170000,315900
36027180001,397600
36027190101,366300
36027190102,330500
36027190203,314600
36027190204,346900
36027190301,309100
36027190401,308100
36027190402,317000
36027200001,371000
36027200002,410000
36027210101,303100
36027210201,260400
36027210301,311800
36027220100,217700
36027220201,255800
36027220300,211200
36027220700,206400
36027220801,351100
36027220901,249000
36027221001,275200
36027221100,259100
36027300000,262200
36027410000,281500
36027610000,-
36027640001,-
36027640002,-
36029000110,58500
36029000200,57400
36029000500,35000
36029000600,77500
36029000700,93200
36029000800,85600
36029000900,83900
36029001000,58300
36029001100,66700
36029001402,96400
36029001500,65500
36029001600,24400
36029001700,26200
36029001900,60100
36029002300,49800
36029002400,47900
36029002502,80300
36029002702,29000
36029002800,23400
36029002900,30400
36029003000,49400
36029003100,42800
36029003301,48000
36029003302,34700
36029003400,42700
36029003500,29800
36029003600,34600
36029003700,43200
36029003800,44900
36029003901,75900
36029004001,48700
36029004100,57500
36029004200,46200
36029004300,61600
36029004401,55800
36029004402,63200
36029004500,125800
36029004601,82100
36029004602,-
36029004700,61800
36029004800,135400
36029004900,106500
36029005000,83300
36029005100,86300
36029005201,158700
36029005202,68600
36029005300,140500
36029005400,216400
36029005500,50000
36029005600,55700
36029005700,53400
36029005801,56400
36029005802,53900
36029005900,48000
36029006100,39100
36029006201,-
36029006301,128500
36029006302,245800
36029006501,140000
36029006601,122000
36029006602,247000
36029006701,118900
36029006702,286900
36029006800,132500
36029006901,35900
36029006902,54200
36029007000,69500
36029007101,45100
36029007102,85000
36029007202,327000
36029007302,163200
36029007303,167800
36029007304,194900
36029007600,90500
36029007700,88600
36029007800,92400
36029007901,142900
36029007902,114500
36029007903,101300
36029007904,105800
36029007905,121300
36029008001,98200
36029008002,112000
36029008003,98600
36029008101,109100
36029008102,135900
36029008201,99000
36029008202,98600
36029008300,64500
36029008400,82500
36029008500,98000
36029008600,121500
36029008700,96700
36029008800,84500
36029008900,155000
36029009004,169100
36029009006,165400
36029009007,263700
36029009008,187000
36029009009,184900
36029009010,222200
36029009104,184900
36029009106,140100
36029009107,140400
36029009109,153700
36029009110,-
36029009112,147900
36029009113,191200
36029009114,157900
36029009115,93900
36029009116,165900
36029009200,109700
36029009301,97700
36029009302,93500
36029009401,121900
36029009402,170200
36029009501,172300
36029009502,129300
36029009600,171400
36029009701,103100
36029009702,89600
36029009800,98000
36029009900,73600
36029010001,87900
36029010002,92500
36029010003,96700
36029010101,86700
36029010102,80100
36029010103,91200
36029010201,87100
36029010202,74000
36029010300,63200
36029010400,70400
36029010500,90100
36029010600,86600
36029010700,86700
36029010803,107900
36029010804,137600
36029010805,117300
36029010807,113800
36029010808,102100
36029010809,119800
36029010901,86200
36029010902,103300
36029011000,80600
36029011100,75600
36029011200,150700
36029011300,103200
36029011400,83200
36029011500,88500
36029011600,97500
36029011700,109200
36029011800,125100
36029012001,113700
36029012002,150900
36029012003,135400
36029012300,65700
36029012400,48700
36029012501,95000
36029012502,100200
36029012800,91500
36029012901,124300
36029012902,153200
36029013001,97800
36029013002,127000
36029013101,122700
36029013102,152600
36029013201,129800
36029013202,177600
36029013300,128400
36029013400,144400
36029013501,163300
36029013502,282600
36029013600,198700
36029013701,131100
36029013702,220200
36029013800,187700
36029013900,156900
36029014000,166500
36029014101,204600
36029014102,173600
36029014204,146700
36029014206,217400
36029014207,169800
36029014208,189600
36029014209,168200
36029014300,111000
36029014400,93700
36029014501,117100
36029014502,82000
36029014601,166600
36029014603,250300
36029014604,308700
36029014701,214000
36029014702,198800
36029014801,112700
36029014803,136200
36029014901,120200
36029014903,144700
36029014904,-
36029015001,159600
36029015002,165500
36029015003,144700
36029015101,176600
36029015102,138500
36029015201,168300
36029015202,141800
36029015301,143200
36029015302,159500
36029015401,97600
36029015402,136400
36029015501,101900
36029015503,90000
36029015504,88900
36029015600,97500
36029015700,110100
36029015800,151500
36029015900,113600
36029016100,-
36029016200,88200
36029016300,29200
36029016400,46500
36029016500,140000
36029016600,31000
36029016700,61800
36029016800,45600
36029016900,221100
36029017000,46500
36029017100,49400
36029017200,69400
36029017300,143500
36029017400,51400
36029017501,77300
36029017502,92700
36029940000,80000
36029940100,-
36029990000,-
36031960100,128100
36031960200,138700
36031960300,186600
36031960498,182600
36031960598,245200
36031960700,128700
36031960800,99700
36031960900,200200
36031961000,96300
36031961100,155100
36031961200,133900
36031961300,170600
36031961400,145800
36033940000,112500
36033950100,78700
36033950200,67000
36033950300,74700
36033950400,78300
36033950501,75300
36033950502,122300
36033950600,85500
36033950700,77700
36033950800,124300
36033950900,165800
36033951000,133100
36033951100,91800
36033951200,131800
36035970100,140700
36035970200,103900
36035970300,115100
36035970400,121300
36035970500,71800
36035970600,100200
36035970700,61200
36035970800,59700
36035970900,80100
36035971000,89600
36035971100,80500
36035971200,84800
36035971300,107000
36035971400,134100
36035971500,131000
36037940100,44500
36037950100,98600
36037950200,94000
36037950300,102500
36037950400,97200
36037950500,89800
36037950600,99600
36037950700,83000
36037950800,89000
36037950900,149100
36037951000,73700
36037951100,118100
36037951200,101000
36037951300,111300
36037951400,121200
36039080100,165400
36039080201,176700
36039080202,155600
36039080300,197200
36039080401,215700
36039080402,227700
36039080501,177400
36039080502,186500
36039080600,195900
36039080700,172200
36039080800,-
36039080900,191600
36039081000,155500
36039081101,150800
36039081102,215400
36041950100,246400
36041950300,159800
36041950400,156700
36041950500,164100
36043010100,93100
36043010201,86000
36043010202,117600
36043010300,88300
36043010400,64000
36043010501,78900
36043010502,93700
36043010701,63200
36043010702,69700
36043010900,89600
36043011001,75700
36043011002,83800
36043011100,65800
36043011200,83200
36043011301,94800
36043011302,89000
36043011400,95300
36043011501,98600
36043011502,197700
36045060100,112200
36045060200,149300
36045060300,137300
36045060400,119800
36045060500,122700
36045060600,119800
36045060700,91700
36045060803,170600
36045060804,-
36045060900,95500
36045061000,109800
36045061100,129100
36045061200,100700
36045061300,96000
36045061400,81500
36045061500,88500
36045061600,128200
36045061700,158200
36045061800,110100
36045061900,179600
36045062100,102000
36045062200,134400
36045062400,151200
36045062500,89400
36045980000,-
36045990001,-
36047000100,457000
36047000200,481500
36047000301,807100
36047000501,494900
36047000502,554700
36047000700,"1,000,000+"
36047000900,626000
36047001100,-
36047001300,366500
36047001500,569300
36047001800,-
36047002000,504100
36047002100,910500
36047002200,413300
36047002300,108500
36047002901,-
36047003000,567800
36047003100,354300
36047003300,888900
36047003400,611600
36047003500,"1,000,000+"
36047003600,298900
36047003700,-
36047003800,651900
36047003900,768400
36047004100,"1,000,000+"
36047004300,749000
36047004400,845200
36047004500,993200
36047004600,"1,000,000+"
36047004700,702800
36047004900,"1,000,000+"
36047005000,835200
36047005100,509400
36047005201,701300
36047005202,361600
36047005300,458800
36047005400,504800
36047005601,264500
36047005602,309700
36047005800,633900
36047005900,496400
36047006000,576900
36047006200,706100
36047006300,617200
36047006400,811200
36047006500,991600
36047006600,575900
36047006700,"1,000,000+"
36047006800,635200
36047006900,952400
36047007000,606300
36047007100,941200
36047007200,-
36047007400,611600
36047007500,"1,000,000+"
36047007600,650000
36047007700,861400
36047007800,576300
36047008000,596100
36047008200,790100
36047008400,624300
36047008500,-
36047008600,-
36047008800,276300
36047009000,372500
36047009200,604200
36047009400,675400
36047009600,593300
36047009800,646700
36047010000,647800
36047010100,572600
36047010200,611300
36047010400,671700
36047010600,612000
36047010800,615700
36047011000,581800
36047011200,339500
36047011400,917300
36047011600,747200
36047011700,821400
36047011800,656300
36047011900,382600
36047012000,497500
36047012100,654100
36047012200,629900
36047012600,628300
36047012700,653100
36047012801,579300
36047012901,665100
36047012902,"1,000,000+"
36047013000,644800
36047013100,932200
36047013200,657000
36047013300,"1,000,000+"
36047013400,663300
36047013500,882100
36047013600,619100
36047013700,960500
36047013800,703800
36047013900,"1,000,000+"
36047014000,742300
36047014100,919100
36047014200,683900
36047014300,855700
36047014500,676000
36047014700,756600
36047014800,722000
36047014900,859900
36047015000,632900
36047015100,"1,000,000+"
36047015200,497000
36047015300,"1,000,000+"
36047015400,-
36047015500,"1,000,000+"
36047015700,"1,000,000+"
36047015900,734000
36047016000,511100
36047016100,811800
36047016200,371500
36047016300,746700
36047016400,-
36047016500,836000
36047016600,693600
36047016700,"1,000,000+"
36047016800,592000
36047016900,856400
36047017000,709700
36047017100,853100
36047017200,663900
36047017400,609900
36047017500,-
36047017600,509700
36047017700,-
36047017800,631600
36047017900,827800
36047018000,640300
36047018100,597800
36047018200,633200
36047018300,"1,000,000+"
36047018400,632200
36047018501,"1,000,000+"
36047018600,629200
36047018700,"1,000,000+"
36047018800,697700
36047019000,663500
36047019100,680600
36047019200,636900
36047019300,339700
36047019400,575000
36047019500,389800
36047019600,682600
36047019700,462100
36047019800,637800
36047019900,"1,000,000+"
36047020000,668400
36047020100,994600
36047020200,632500
36047020300,661100
36047020400,646000
36047020500,474600
36047020600,656100
36047020700,668100
36047020800,641500
36047021000,711500
36047021100,392500
36047021200,714000
36047021300,519200
36047021400,632500
36047021500,474800
36047021600,725800
36047021700,466700
36047021800,780400
36047021900,644100
36047022000,715000
36047022100,611800
36047022200,733100
36047022400,509500
36047022600,529900
36047022700,641900
36047022800,608600
36047022900,636900
36047023000,646800
36047023100,707100
36047023200,711700
36047023300,707700
36047023400,933300
36047023500,687500
36047023600,"1,000,000+"
36047023800,755500
36047024000,717800
36047024100,495600
36047024200,788800
36047024300,646800
36047024400,726300
36047024500,631000
36047024600,593900
36047024700,509500
36047024800,602900
36047024900,692300
36047025000,545300
36047025100,522300
36047025200,626600
36047025300,742100
36047025400,567500
36047025500,-
36047025600,618900
36047025700,550800
36047025800,723100
36047025901,485600
36047025902,-
36047026000,611500
36047026100,587200
36047026200,594600
36047026300,605200
36047026400,633700
36047026500,633600
36047026600,677100
36047026700,723200
36047026800,758900
36047026900,658700
36047027000,551400
36047027100,450000
36047027200,697900
36047027300,649100
36047027400,641600
36047027500,579700
36047027600,711100
36047027700,617400
36047027800,594700
36047027900,561700
36047028000,600600
36047028100,615500
36047028200,595200
36047028300,594800
36047028400,705000
36047028501,-
36047028502,-
36047028600,694400
36047028700,526000
36047028800,655100
36047028900,512600
36047029000,757500
36047029100,486400
36047029200,633000
36047029300,645300
36047029400,654300
36047029500,701400
36047029600,508300
36047029700,686100
36047029800,688000
36047029900,581400
36047030000,608400
36047030100,512200
36047030200,629300
36047030300,607900
36047030400,616100
36047030500,451100
36047030600,659700
36047030700,483100
36047030800,382800
36047030900,88600
36047031100,483600
36047031300,654500
36047031400,417100
36047031500,526300
36047031701,727100
36047031702,621000
36047031900,588500
36047032100,612900
36047032300,653200
36047032500,516900
36047032600,365300
36047032700,509100
36047032800,330400
36047032900,510600
36047033000,400000
36047033100,735800
36047033300,626700
36047033500,769700
36047033600,623700
36047033700,629900
36047033900,612000
36047034000,-
36047034100,528500
36047034200,411800
36047034300,604900
36047034500,469800
36047034700,350000
36047034800,407400
36047034900,564400
36047035000,187500
36047035100,490200
36047035200,-
36047035300,657000
36047035400,310900
36047035500,471400
36047035601,239300
36047035602,304700
36047035700,296300
36047035900,-
36047036001,321800
36047036002,312500
36047036100,398100
36047036200,634500
36047036300,516000
36047036400,589100
36047036501,438700
36047036502,288800
36047036600,559800
36047036700,417200
36047036900,468400
36047037000,462600
36047037100,535800
36047037300,585300
36047037401,551900
36047037402,608600
36047037500,475600
36047037700,612600
36047037900,470300
36047038100,538600
36047038200,596000
36047038300,588800
36047038500,606200
36047038600,618900
36047038700,532100
36047038800,597800
36047038900,574000
36047039000,612500
36047039100,398400
36047039200,692300
36047039300,428900
36047039400,867100
36047039500,719900
36047039600,639000
36047039700,581200
36047039800,561800
36047039900,433500
36047040000,652600
36047040100,469100
36047040200,644600
36047040300,459400
36047040400,752400
36047040500,435500
36047040600,627700
36047040700,-
36047040800,566200
36047040900,489700
36047041000,579700
36047041100,551900
36047041200,588500
36047041300,614800
36047041401,530300
36047041402,"1,000,000+"
36047041500,479500
36047041600,784700
36047041700,607900
36047041800,456300
36047041900,525600
36047042000,753800
36047042100,516000
36047042200,773200
36047042300,617300
36047042400,655800
36047042500,409100
36047042600,561900
36047042700,451600
36047042800,579100
36047042900,184700
36047043000,786100
36047043100,533700
36047043200,472500
36047043300,544000
36047043400,588200
36047043500,547100
36047043600,658500
36047043700,560600
36047043800,635000
36047043900,578500
36047044000,717200
36047044100,481300
36047044200,653300
36047044300,507700
36047044400,576800
36047044500,426200
36047044600,490800
36047044700,281800
36047044800,476800
36047044900,555300
36047045000,632100
36047045200,752000
36047045300,710900
36047045400,576300
36047045600,805900
36047045800,559300
36047046000,548500
36047046201,380300
36047046202,652300
36047046400,623800
36047046800,656900
36047047000,676500
36047047200,875700
36047047400,761300
36047047600,690000
36047047700,598400
36047047800,703100
36047048000,639800
36047048100,551500
36047048200,317300
36047048400,670400
36047048500,520100
36047048600,603300
36047048800,305000
36047048900,-
36047049000,509800
36047049100,188400
36047049200,467500
36047049300,532100
36047049400,492900
36047049500,558300
36047049600,598100
36047049700,715500
36047049800,649000
36047049900,865300
36047050000,407800
36047050100,787000
36047050202,635900
36047050300,929200
36047050400,428600
36047050500,485000
36047050600,711100
36047050700,519200
36047050801,-
36047050803,588600
36047050804,313200
36047050900,515300
36047051001,-
36047051002,829500
36047051100,518400
36047051200,179700
36047051300,552300
36047051400,266200
36047051500,587800
36047051601,500000
36047051602,443800
36047051700,797200
36047051800,341700
36047051900,900400
36047052000,740900
36047052300,629700
36047052500,247700
36047052600,590600
36047052700,396100
36047052800,872300
36047052900,845100
36047053000,628300
36047053100,469500
36047053200,433300
36047053300,542800
36047053400,629100
36047053500,450000
36047053700,608200
36047053800,502400
36047053900,614600
36047054200,712100
36047054300,-
36047054400,512500
36047054500,623700
36047054600,601600
36047054700,572900
36047054800,808800
36047054900,565200
36047055000,692200
36047055100,692700
36047055200,528800
36047055300,638500
36047055400,658200
36047055500,724000
36047055600,625700
36047055700,295000
36047055800,630100
36047056000,613900
36047056100,689400
36047056200,646000
36047056300,722200
36047056400,518400
36047056500,855200
36047056600,585900
36047056800,484100
36047056900,833300
36047057000,198700
36047057100,641100
36047057200,-
36047057300,725500
36047057400,597800
36047057500,701900
36047057600,584100
36047057800,631900
36047057900,496200
36047058000,637900
36047058200,669300
36047058400,347300
36047058600,520800
36047058800,282400
36047058900,688400
36047059000,554200
36047059100,699900
36047059200,542900
36047059300,558200
36047059401,616900
36047059402,494500
36047059600,439100
36047059800,540500
36047060000,549300
36047060600,284400
36047060800,507700
36047061002,542500
36047061003,476400
36047061004,363400
36047061200,855000
36047061600,945300
36047062000,"1,000,000+"
36047062200,446600
36047062600,382200
36047062800,452100
36047063200,363100
36047063600,507600
36047063800,524500
36047064000,527800
36047064200,762300
36047064400,594100
36047064600,545200
36047064800,487700
36047065000,430500
36047065200,596400
36047065400,576500
36047065600,451600
36047065800,546900
36047066000,477500
36047066200,482400
36047066600,-
36047067000,559200
36047067200,509300
36047067400,451400
36047067600,467100
36047067800,552300
36047068000,393400
36047068200,454800
36047068600,237000
36047068800,456100
36047069000,424300
36047069200,481600
36047069601,496700
36047069602,575500
36047069800,496800
36047070000,512800
36047070201,760900
36047070202,-
36047070203,-
36047070600,651300
36047072000,622100
36047072200,459100
36047072400,445800
36047072600,413500
36047072800,288900
36047073000,457300
36047073200,437500
36047073400,439200
36047073600,437300
36047073800,590100
36047074000,539700
36047074200,490000
36047074400,598200
36047074600,579500
36047074800,641500
36047075000,709100
36047075200,758900
36047075400,860900
36047075600,585300
36047075800,762100
36047076000,665400
36047076200,620000
36047076400,752300
36047076600,604200
36047076800,506000
36047077000,338200
36047077200,877400
36047077400,782100
36047077600,277300
36047078000,425700
36047078200,434000
36047078400,464300
36047078600,199300
36047078800,427800
36047079000,536400
36047079200,478300
36047079400,341300
36047079601,326500
36047079602,299600
36047079801,840000
36047079802,634600
36047080000,855200
36047080200,581800
36047080400,585000
36047080600,469200
36047080800,-
36047081000,545600
36047081400,431400
36047081600,449000
36047081800,365300
36047082000,500000
36047082200,519200
36047082400,458100
36047082600,394700
36047082800,424100
36047083000,467300
36047083200,398900
36047083400,455400
36047083600,459200
36047083800,435400
36047084000,399200
36047084600,401900
36047084800,449800
36047085000,388200
36047085200,-
36047085400,439500
36047085600,374400
36047085800,455500
36047086000,354700
36047086200,371400
36047086400,484500
36047086600,470600
36047086800,378400
36047087000,419400
36047087200,427100
36047087401,571000
36047087600,408200
36047087800,434200
36047088000,372400
36047088200,452900
36047088400,562800
36047088600,508700
36047088800,455600
36047089000,593800
36047089200,586900
36047089400,374600
36047089600,469000
36047089800,430500
36047090000,402400
36047090200,346400
36047090600,516700
36047090800,575000
36047091000,-
36047091200,-
36047091600,458400
36047091800,327000
36047092000,311300
36047092200,362200
36047092400,363800
36047092800,496200
36047093000,444600
36047093200,445100
36047093400,434000
36047093600,449400
36047093800,436000
36047094401,455200
36047094402,-
36047094600,450300
36047095000,565200
36047095400,578500
36047095600,568300
36047095800,436900
36047096000,-
36047096200,520400
36047096400,443300
36047096600,523300
36047096800,436900
36047097000,485600
36047097400,539600
36047098200,-
36047098400,559400
36047098600,532800
36047098800,436100
36047099000,455300
36047099200,453000
36047099400,453400
36047099600,502100
36047099800,556600
36047100400,480700
36047100600,470600
36047100800,505200
36047101000,517100
36047101200,436900
36047101400,414700
36047101600,578500
36047101800,409000
36047102000,494100
36047102200,400000
36047102400,579700
36047102600,600200
36047102800,589700
36047103400,-
36047105801,714300
36047105804,350000
36047107000,582400
36047107800,369000
36047109800,490600
36047110400,433100
36047110600,-
36047111000,450000
36047111600,395600
36047111800,486300
36047112000,454800
36047112200,384300
36047112400,448000
36047112600,470000
36047112800,460400
36047113000,399500
36047113200,357500
36047113400,337500
36047114201,575400
36047114202,474700
36047114400,475000
36047114600,559300
36047115000,350000
36047115200,409300
36047115600,381000
36047115800,400000
36047116000,327200
36047116200,384100
36047116400,429700
36047116600,433600
36047116800,479500
36047117000,378400
36047117201,522200
36047117202,478200
36047117400,478000
36047117601,381100
36047117602,534300
36047117800,442300
36047118000,-
36047118201,445000
36047118202,520300
36047118400,546400
36047118600,458100
36047118800,524800
36047119000,406500
36047119200,455700
36047119400,422200
36047119600,437600
36047119800,572900
36047120000,465500
36047120200,477000
36047120800,437000
36047121000,-
36047121400,-
36047122000,551100
36047123700,566500
36047150200,753600
36047152200,812100
36047990100,-
36049950100,95200
36049950200,100900
36049950300,117300
36049950400,99800
36049950500,98500
36049950600,88600
36049950700,89100
36051030100,125100
36051030201,114100
36051030202,135800
36051030300,135700
36051030400,146700
36051030500,-
36051030600,137700
36051030700,133000
36051030800,110200
36051030900,71100
36051031000,-
36051031100,96800
36051031200,79400
36051031300,93400
36051031400,81500
36053030501,189500
36053030502,240600
36053030700,126100
36053030800,89800
36053030900,191500
36053031000,116100
36053031100,70300
36053940101,71700
36053940102,88800
36053940103,120100
36053940200,96600
36053940300,94900
36053940401,101900
36053940403,112900
36053940600,90400
36053940700,125900
36055000200,35500
36055000700,52000
36055001000,178800
36055001300,-
36055001500,74000
36055001800,68200
36055001900,75800
36055002000,75300
36055002100,72800
36055002200,62000
36055002300,55900
36055002400,56800
36055002700,61300
36055002900,191100
36055003000,85100
36055003100,209900
36055003200,75000
36055003300,82700
36055003400,88400
36055003500,137200
36055003600,93700
36055003700,138600
36055003802,-
36055003805,124500
36055003900,50700
36055004000,42800
36055004100,37300
36055004602,60900
36055004701,88100
36055004702,59100
36055004800,35100
36055004900,27900
36055005000,32800
36055005100,56600
36055005200,128700
36055005300,55400
36055005400,72300
36055005500,47700
36055005600,46500
36055005700,47000
36055005800,72100
36055005900,40700
36055006000,75500
36055006100,107600
36055006200,68500
36055006300,75300
36055006400,44400
36055006500,46300
36055006600,47300
36055006700,69800
36055006800,69700
36055006900,60400
36055007000,68500
36055007100,71400
36055007500,68500
36055007600,89700
36055007700,97100
36055007801,192400
36055007802,173800
36055007900,44900
36055008000,41300
36055008100,58300
36055008200,61000
36055008301,67500
36055008400,52800
36055008500,89000
36055008600,82900
36055008701,61200
36055008702,54400
36055008800,63500
36055009200,43600
36055009301,56100
36055009302,165000
36055009400,482000
36055009500,132800
36055009601,46600
36055009602,43400
36055009603,37300
36055009604,31900
36055010100,105600
36055010200,145600
36055010300,115000
36055010400,111600
36055010500,133600
36055010601,107800
36055010602,124300
36055010700,88300
36055010800,98700
36055010901,83300
36055010902,105100
36055011000,120200
36055011100,97300
36055011201,142700
36055011203,132400
36055011205,178300
36055011207,158700
36055011208,141000
36055011301,210400
36055011302,180000
36055011400,148100
36055011501,238500
36055011503,185200
36055011504,180700
36055011505,198200
36055011601,146200
36055011603,11600
36055011604,160300
36055011605,157100
36055011703,189900
36055011705,162700
36055011706,201600
36055011707,189100
36055011708,323500
36055011800,163000
36055011901,186900
36055011902,169700
36055012000,86000
36055012100,94600
36055012201,291200
36055012202,205900
36055012301,240000
36055012304,214000
36055012305,266100
36055012306,373600
36055012401,183700
36055012402,277900
36055012500,147100
36055012600,223200
36055012700,172000
36055012800,167000
36055012900,185300
36055013001,114800
36055013002,160600
36055013101,129800
36055013103,174700
36055013104,115000
36055013203,128500
36055013204,139600
36055013205,120800
36055013206,143300
36055013300,185700
36055013401,124700
36055013402,159500
36055013503,152600
36055013505,114500
36055013506,167400
36055013507,160600
36055013508,183100
36055013601,91900
36055013603,147700
36055013604,135800
36055013701,89400
36055013702,102400
36055013800,83400
36055013901,94000
36055013902,83300
36055014001,135400
36055014003,98100
36055014004,113300
36055014102,128500
36055014103,125000
36055014104,139400
36055014202,116100
36055014203,107700
36055014204,117100
36055014301,88800
36055014302,110200
36055014400,99800
36055014501,141200
36055014503,115700
36055014504,135800
36055014505,132000
36055014601,144300
36055014602,141000
36055014700,125600
36055014802,141000
36055014803,159500
36055014804,116300
36055014901,134000
36055014903,142700
36055014905,149000
36055014906,141600
36055015000,132900
36055015101,116900
36055015102,117100
36055015200,130600
36055015301,137000
36055015303,132900
36055015304,106100
36055015400,139500
36055980000,-
36055980100,-
36055990000,-
36057070200,91600
36057070300,76900
36057070400,98400
36057070500,102900
36057070600,73300
36057070700,92400
36057070800,84300
36057070900,57400
36057072100,113800
36057072200,109100
36057072300,87900
36057072400,82000
36057072500,73800
36057072600,90000
36057072700,99300
36057072800,117100
36059300100,"1,000,000+"
36059300300,768900
36059300400,767500
36059300500,"1,000,000+"
36059300600,854900
36059300700,381300
36059300800,616900
36059300900,"1,000,000+"
36059301000,"1,000,000+"
36059301101,587400
36059301102,749100
36059301200,822500
36059301300,652100
36059301400,695700
36059301500,"1,000,000+"
36059301600,"1,000,000+"
36059301700,"1,000,000+"
36059301800,826100
36059301900,"1,000,000+"
36059302000,840900
36059302101,"1,000,000+"
36059302102,861500
36059302200,591600
36059302300,808800
36059302400,599100
36059302501,922000
36059302502,"1,000,000+"
36059302600,492700
36059302700,496300
36059302800,586700
36059302900,595600
36059303000,493100
36059303101,803500
36059303102,613400
36059303201,599600
36059303202,500900
36059303301,565100
36059303302,521100
36059303400,829800
36059303500,464800
36059303600,498800
36059303700,462000
36059303800,504300
36059303900,579900
36059304001,481100
36059304002,425400
36059304100,390300
36059304202,438800
36059304203,352300
36059304204,361200
36059404300,476100
36059404400,574600
36059404500,492800
36059404600,592500
36059404700,505900
36059404800,432200
36059404901,391000
36059404902,414800
36059405000,420300
36059405100,427200
36059405200,419700
36059405301,467800
36059405302,466800
36059405400,445500
36059405500,440400
36059405600,532700
36059405700,474800
36059405800,477700
36059405900,469300
36059406001,455400
36059406002,449200
36059406100,471600
36059406201,435700
36059406202,391900
36059406300,692500
36059406400,913400
36059406501,877900
36059406600,817600
36059406701,261900
36059406702,405400
36059406801,355000
36059406802,383300
36059406900,359700
36059407000,360800
36059407101,375200
36059407102,364000
36059407201,395400
36059407203,372600
36059407204,361100
36059407301,580900
36059407302,372100
36059407401,363800
36059407402,349500
36059407501,394400
36059407502,375200
36059407600,523900
36059407700,441500
36059407801,444400
36059407802,159500
36059407900,434500
36059408000,458000
36059408100,438800
36059408200,441200
36059408300,450500
36059408400,458400
36059408500,473600
36059408600,406600
36059408700,378800
36059408800,411600
36059408900,376000
36059409000,423300
36059409100,390200
36059409200,365600
36059409300,392200
36059409400,435800
36059409500,438700
36059409600,426900
36059409700,428400
36059409800,421500
36059409900,427700
36059410000,440600
36059410100,474500
36059410200,457400
36059410300,413900
36059410400,443400
36059410500,427400
36059410600,445200
36059410700,435100
36059410800,407500
36059410900,487500
36059411000,417300
36059411100,408800
36059411200,582300
36059411301,614200
36059411302,644200
36059411400,674800
36059411500,"1,000,000+"
36059411600,881100
36059411700,510000
36059411800,439100
36059411901,421300
36059411902,486200
36059412000,440400
36059412100,495100
36059412200,466900
36059412301,463800
36059412302,536100
36059412400,479300
36059412500,709600
36059412600,890400
36059412700,663700
36059412800,444200
36059412900,404000
36059413001,464900
36059413002,474300
36059413100,468700
36059413200,457000
36059413300,467500
36059413400,566800
36059413500,417800
36059413600,413900
36059413700,440700
36059413803,436300
36059413804,494000
36059413900,344900
36059414001,360700
36059414002,371400
36059414100,386200
36059414201,362800
36059414202,400600
36059414301,332800
36059414303,356000
36059414304,406300
36059414400,392600
36059414501,415000
36059414502,370600
36059414600,496800
36059414700,487400
36059414800,448200
36059414900,455400
36059415000,447300
36059415101,520500
36059415102,631000
36059415201,582600
36059415202,647700
36059415300,444200
36059415401,536900
36059415402,610500
36059415500,454500
36059415600,508400
36059415700,473700
36059415802,540000
36059416000,448600
36059416100,524500
36059416201,529700
36059416202,461500
36059416300,750000
36059416401,500800
36059416402,497200
36059416500,593300
36059416600,605500
36059416701,569100
36059416702,366100
36059416801,601800
36059416802,473600
36059416900,757900
36059517000,813900
36059517101,506800
36059517102,538200
36059517200,462300
36059517301,556500
36059517302,606200
36059517400,644300
36059517500,674700
36059517600,659700
36059517701,"1,000,000+"
36059517705,"1,000,000+"
36059517801,"1,000,000+"
36059517802,639200
36059517901,648000
36059517902,595100
36059518000,635600
36059518100,627700
36059518201,"1,000,000+"
36059518203,922000
36059518204,743700
36059518300,665100
36059518400,694600
36059518501,750600
36059518502,545400
36059518600,716900
36059518700,580600
36059518800,632400
36059518900,440400
36059519000,426600
36059519100,394000
36059519200,441600
36059519300,446200
36059519400,448300
36059519500,464000
36059519601,470200
36059519602,593800
36059519702,647900
36059519703,595200
36059519704,573200
36059519801,511300
36059519802,525600
36059519900,511000
36059520001,426800
36059520002,493000
36059520100,556800
36059520200,450000
36059520300,435800
36059520401,419800
36059520402,402000
36059520501,432300
36059520502,449400
36059520600,431100
36059520700,457400
36059520800,457000
36059520900,465100
36059521000,455000
36059521100,460000
36059521200,473700
36059521301,474000
36059521302,608600
36059521400,696800
36059521500,459200
36059521601,469600
36059521602,451700
36059521700,549600
36059521801,457700
36059521802,460000
36059521902,642400
36059522000,383400
36059522700,475600
36059980100,-
36059981100,-
36059982100,-
36059990100,-
36059990200,-
36059990301,-
36059990302,-
36059990400,-
36061000100,-
36061000201,-
36061000202,452600
36061000500,-
36061000600,"10,000-"
36061000700,874000
36061000800,638000
36061000900,931800
36061001001,541900
36061001002,-
36061001200,559400
36061001300,710400
36061001401,635100
36061001402,555100
36061001501,483300
36061001502,"1,000,000+"
36061001600,664400
36061001800,"1,000,000+"
36061002000,-
36061002100,"1,000,000+"
36061002201,475400
36061002202,968800
36061002400,-
36061002500,-
36061002601,724500
36061002602,655900
36061002700,496800
36061002800,505400
36061002900,501800
36061003001,757200
36061003002,628400
36061003100,944400
36061003200,604900
36061003300,"1,000,000+"
36061003400,709000
36061003601,412500
36061003602,"1,000,000+"
36061003700,904400
36061003800,624200
36061003900,"1,000,000+"
36061004000,778500
36061004100,"1,000,000+"
36061004200,"1,000,000+"
36061004300,"1,000,000+"
36061004400,"1,000,000+"
36061004500,"1,000,000+"
36061004700,"1,000,000+"
36061004800,613400
36061004900,"1,000,000+"
36061005000,656000
36061005200,"1,000,000+"
36061005400,783200
36061005501,783300
36061005502,"1,000,000+"
36061005600,"1,000,000+"
36061005700,"1,000,000+"
36061005800,"1,000,000+"
36061005900,857400
36061006000,-
36061006100,870700
36061006200,-
36061006300,"1,000,000+"
36061006400,642700
36061006500,"1,000,000+"
36061006600,613500
36061006700,937500
36061006800,694300
36061006900,"1,000,000+"
36061007000,942900
36061007100,806500
36061007200,670800
36061007300,883700
36061007400,774100
36061007500,953600
36061007600,"1,000,000+"
36061007700,"1,000,000+"
36061007800,578200
36061007900,"1,000,000+"
36061008000,633700
36061008100,888800
36061008200,816100
36061008300,572200
36061008400,614000
36061008601,752900
36061008602,-
36061008603,"1,000,000+"
36061008700,720300
36061008800,619700
36061008900,901800
36061009000,733500
36061009100,"1,000,000+"
36061009200,650600
36061009300,664500
36061009400,-
36061009500,"1,000,000+"
36061009600,-
36061009700,37100
36061009800,774400
36061009900,784700
36061010000,693500
36061010100,-
36061010200,58700
36061010300,687500
36061010400,740400
36061010601,"1,000,000+"
36061010602,726600
36061010800,665800
36061010900,"1,000,000+"
36061011000,"1,000,000+"
36061011100,700800
36061011201,930600
36061011202,826400
36061011203,869300
36061011300,-
36061011401,"1,000,000+"
36061011402,"1,000,000+"
36061011500,884600
36061011600,631900
36061011700,-
36061011800,888000
36061011900,-
36061012000,"1,000,000+"
36061012100,634200
36061012200,"1,000,000+"
36061012400,"1,000,000+"
36061012500,-
36061012600,794200
36061012700,634000
36061012800,"1,000,000+"
36061012900,807900
36061013000,"1,000,000+"
36061013100,722600
36061013200,675700
36061013300,775900
36061013400,680600
36061013500,-
36061013600,912400
36061013700,879400
36061013800,729300
36061013900,746100
36061014000,"1,000,000+"
36061014200,"1,000,000+"
36061014300,"1,000,000+"
36061014401,668400
36061014402,"1,000,000+"
36061014500,932100
36061014601,713200
36061014602,691700
36061014700,"1,000,000+"
36061014801,"1,000,000+"
36061014802,"1,000,000+"
36061014900,"1,000,000+"
36061015001,"1,000,000+"
36061015002,"1,000,000+"
36061015100,483800
36061015200,902300
36061015300,"1,000,000+"
36061015400,593400
36061015500,662600
36061015601,606300
36061015602,"1,000,000+"
36061015700,946100
36061015801,991400
36061015802,225000
36061015900,893200
36061016001,"1,000,000+"
36061016002,"1,000,000+"
36061016100,"1,000,000+"
36061016200,751500
36061016300,926300
36061016400,-
36061016500,"1,000,000+"
36061016600,903800
36061016700,"1,000,000+"
36061016800,"1,000,000+"
36061016900,945000
36061017000,455300
36061017100,"1,000,000+"
36061017200,"1,000,000+"
36061017300,"1,000,000+"
36061017401,583300
36061017402,-
36061017500,"1,000,000+"
36061017700,907300
36061017800,543900
36061017900,"1,000,000+"
36061018000,758300
36061018100,720500
36061018200,-
36061018300,958900
36061018400,372400
36061018500,824600
36061018600,-
36061018700,"1,000,000+"
36061018800,484400
36061018900,777300
36061019000,602400
36061019100,775100
36061019200,"1,000,000+"
36061019300,523900
36061019400,791700
36061019500,906400
36061019600,"1,000,000+"
36061019701,-
36061019702,465700
36061019800,382600
36061019900,786400
36061020000,"1,000,000+"
36061020101,383300
36061020102,466300
36061020300,"1,000,000+"
36061020500,706800
36061020600,513400
36061020701,897700
36061020800,904800
36061020901,116900
36061021000,229200
36061021100,473400
36061021200,622600
36061021303,193800
36061021400,-
36061021500,272700
36061021600,662900
36061021703,-
36061021800,669200
36061021900,114800
36061022000,719300
36061022102,595000
36061022200,847200
36061022301,357600
36061022302,-
36061022400,350000
36061022500,133900
36061022600,"1,000,000+"
36061022700,"1,000,000+"
36061022800,707900
36061022900,169100
36061023000,"1,000,000+"
36061023100,740400
36061023200,240500
36061023300,"1,000,000+"
36061023400,415000
36061023501,242300
36061023502,-
36061023600,282300
36061023700,119100
36061023801,222900
36061023802,-
36061023900,196400
36061024000,-
36061024100,399400
36061024200,-
36061024301,"1,000,000+"
36061024302,"1,000,000+"
36061024500,254500
36061024700,481900
36061024900,56200
36061025100,-
36061025300,78200
36061025500,611700
36061025700,722300
36061025900,581300
36061026100,121300
36061026300,170100
36061026500,387000
36061026700,-
36061026900,330000
36061027100,536000
36061027300,441100
36061027500,578000
36061027700,-
36061027900,386800
36061028100,398200
36061028300,233700
36061028500,-
36061028700,443800
36061029100,181600
36061029300,-
36061029500,357800
36061029700,-
36061029900,137500
36061030300,368600
36061030700,342800
36061030900,359700
36061031100,-
36061031703,"1,000,000+"
36061031704,784500
36061031900,-
36063020100,94400
36063020200,47400
36063020300,72400
36063020400,37300
36063020500,56000
36063020600,20000
36063020700,54600
36063020900,41400
36063021000,59600
36063021100,58300
36063021200,63500
36063021300,44300
36063021400,56000
36063021700,45800
36063022000,68000
36063022100,66000
36063022200,77400
36063022300,69900
36063022401,74200
36063022500,81900
36063022601,85200
36063022602,85700
36063022702,152100
36063022711,160300
36063022712,157000
36063022803,134200
36063022804,108000
36063022901,72300
36063022902,94400
36063023001,73700
36063023100,65600
36063023200,78000
36063023300,97900
36063023401,115700
36063023402,129300
36063023404,155900
36063023405,33000
36063023500,64200
36063023600,63500
36063023700,65000
36063023800,68900
36063023901,85900
36063023902,108000
36063024001,125900
36063024002,78600
36063024101,99200
36063024102,100200
36063024201,92500
36063024202,116900
36063024301,98500
36063024302,114200
36063024303,132400
36063024401,135100
36063024404,160300
36063024405,148900
36063024406,105800
36063024501,148200
36063024502,110700
36063024600,97300
36063940001,75300
36063940100,-
36063990000,-
36065020102,40600
36065020300,409600
36065020705,79100
36065020802,77000
36065020803,53800
36065020900,53300
36065021000,68300
36065021101,46200
36065021102,78400
36065021103,81500
36065021201,80000
36065021202,59200
36065021301,96700
36065021302,75200
36065021303,100200
36065021401,68200
36065021402,65500
36065021500,50900
36065021601,92700
36065021602,99300
36065021701,134800
36065021702,88400
36065021900,49200
36065022000,73000
36065022100,80700
36065022200,122200
36065022400,76000
36065022500,55700
36065022701,136200
36065022702,109100
36065022800,82000
36065023000,105100
36065023200,101100
36065023300,81400
36065023400,104200
36065023501,138200
36065023502,162900
36065023702,117300
36065023901,124800
36065023902,119700
36065024000,128000
36065024101,122100
36065024102,103200
36065024200,110600
36065024301,131400
36065024302,85400
36065024303,120300
36065024400,69200
36065024500,91600
36065025001,145700
36065025002,163500
36065025003,199700
36065025100,150700
36065025200,76600
36065025300,155900
36065025400,181700
36065025500,117700
36065025600,103500
36065025700,100300
36065025800,66100
36065025900,-
36065026100,112000
36065026200,154800
36065026300,69000
36065026400,49900
36065026500,-
36065026600,-
36065026700,87300
36065940000,133100
36065940100,96100
36065940200,125500
36065980002,-
36065980003,-
36065980100,-
36067000100,58200
36067000200,79800
36067000300,84700
36067000400,83200
36067000501,49500
36067000600,63800
36067000700,59600
36067000800,69000
36067000900,138800
36067001000,68600
36067001400,56400
36067001500,76200
36067001600,76000
36067001701,75100
36067001702,86600
36067001800,78900
36067001900,87100
36067002000,62900
36067002101,56700
36067002300,76700
36067002400,72500
36067002700,85000
36067002901,83700
36067003000,39600
36067003200,-
36067003400,116400
36067003500,94600
36067003601,77800
36067003602,80100
36067003800,48100
36067003900,56200
36067004000,46400
36067004200,62500
36067004301,-
36067004302,151600
36067004400,168400
36067004500,110000
36067004600,153100
36067004800,113700
36067004900,97500
36067005000,131800
36067005100,56200
36067005200,54500
36067005300,77100
36067005400,63400
36067005500,76100
36067005601,125900
36067005602,110700
36067005700,78000
36067005800,46400
36067005900,53500
36067006000,68100
36067006101,65900
36067006102,127200
36067006103,86500
36067010100,168800
36067010200,152700
36067010301,149400
36067010321,157400
36067010322,164600
36067010400,107400
36067010500,147900
36067010600,110500
36067010700,92400
36067010800,93800
36067010900,95300
36067011011,141600
36067011012,141800
36067011021,167000
36067011022,139800
36067011101,138100
36067011102,83000
36067011201,106200
36067011202,152200
36067011231,137000
36067011232,154900
36067011241,159600
36067011242,136700
36067011300,124100
36067011401,195800
36067011402,125500
36067011500,209700
36067011600,132400
36067011700,101100
36067011800,90200
36067011900,124200
36067012000,101300
36067012100,184900
36067012200,105500
36067012300,177900
36067012400,137200
36067012500,100000
36067012600,134100
36067012700,111300
36067012800,110200
36067012900,68000
36067013000,103600
36067013100,137700
36067013200,130800
36067013300,117300
36067013400,123400
36067013500,143300
36067013600,103100
36067013701,87800
36067013800,107000
36067013900,78400
36067014000,82600
36067014200,87300
36067014300,89100
36067014400,88600
36067014500,113300
36067014600,153600
36067014700,210900
36067014800,247600
36067014900,189600
36067015000,164000
36067015100,182800
36067015201,206300
36067015202,261500
36067015203,193000
36067015400,111500
36067015500,184200
36067015601,135100
36067015700,210800
36067015800,154700
36067016001,133100
36067016002,169700
36067016100,124000
36067016200,71300
36067016300,201300
36067016400,139500
36067016501,162600
36067016502,149700
36067016600,232300
36067016700,369500
36067016801,199800
36067016802,143200
36067016901,190300
36067016902,136200
36067940000,-
36069050101,244300
36069050102,195800
36069050201,129700
36069050202,124800
36069050301,96200
36069050302,84900
36069050400,113700
36069050500,150700
36069050601,217700
36069050602,164900
36069050800,135200
36069050900,156500
36069051000,124200
36069051100,112400
36069051200,104000
36069051300,132800
36069051400,113900
36069051500,157600
36069051600,89200
36069051700,66700
36069051800,64900
36069051900,94500
36069052000,125400
36069052100,154700
36069052200,111900
36071000100,238200
36071000200,186900
36071000300,212600
36071000400,266300
36071000501,208800
36071000502,222400
36071000600,216400
36071001100,205700
36071001200,232800
36071001300,267900
36071001500,222000
36071001600,222400
36071002100,204500
36071002200,182800
36071002300,192800
36071010101,309100
36071010102,329300
36071010200,358500
36071010300,285400
36071010400,285300
36071010500,285500
36071010600,328400
36071010700,249000
36071010801,236200
36071010802,292700
36071010901,295300
36071010902,363700
36071011000,303700
36071011101,285600
36071011102,300000
36071011200,248300
36071011300,273300
36071011400,310500
36071011500,288100
36071011601,198300
36071011602,203000
36071011701,295900
36071011702,379300
36071011801,331300
36071011802,336800
36071011900,433800
36071012100,331900
36071012200,360500
36071012300,397900
36071012601,292800
36071012602,229300
36071012700,262900
36071012800,288200
36071012900,359100
36071013000,297900
36071013100,374100
36071013201,329300
36071013202,280800
36071013300,359200
36071013400,323300
36071013500,361900
36071013600,-
36071013700,265300
36071013800,266700
36071013900,394100
36071014101,349400
36071014102,340400
36071014201,355600
36071014202,387300
36071014301,272700
36071014302,367400
36071014400,333300
36071014501,384400
36071014502,424200
36071014600,323900
36071014700,338700
36071014800,306800
36071014900,520800
36071015003,392000
36071015004,337100
36071015005,382100
36071015006,434500
36071015100,229000
36071015200,377500
36073040200,82000
36073040300,80600
36073040400,68300
36073040500,69900
36073040600,96700
36073040700,64000
36073040801,100400
36073040802,92100
36073401200,81000
36073401300,110700
36073990000,-
36075020100,74100
36075020200,86400
36075020301,91100
36075020302,78500
36075020400,88500
36075020500,83800
36075020600,91500
36075020701,105000
36075020702,126300
36075020703,100700
36075020800,96700
36075020901,88200
36075020902,98200
36075021000,83100
36075021101,66100
36075021102,71900
36075021103,94700
36075021104,73500
36075021200,77800
36075021300,84700
36075021401,113900
36075021402,110100
36075021501,79700
36075021502,98900
36075021601,84000
36075021602,87600
36075021603,95000
36075021604,80700
36075021605,57300
36075990000,-
36077590100,169600
36077590201,157700
36077590202,239700
36077590300,99700
36077590400,113900
36077590500,136300
36077590600,131000
36077590700,116300
36077590800,157000
36077590900,127000
36077591000,177000
36077591100,110300
36077591200,98600
36077591300,-
36077591400,116600
36077591500,120800
36077591600,88600
36079010100,318500
36079010200,405500
36079010300,304900
36079010400,340300
36079010500,415900
36079010600,589700
36079010700,443800
36079010800,470300
36079010900,389800
36079011000,479300
36079011100,455400
36079011200,436300
36079011300,450900
36079011400,480000
36079011500,470500
36079011600,474200
36079011700,495400
36079011800,345800
36079011900,411100
36081000100,450500
36081000200,478400
36081000400,442000
36081000600,455600
36081000700,738100
36081000800,449200
36081001000,491100
36081001200,513700
36081001400,519800
36081001600,447100
36081001800,433000
36081001900,534300
36081002000,425600
36081002200,613300
36081002400,433600
36081002500,261400
36081002600,590500
36081002800,486300
36081003000,439300
36081003100,653800
36081003200,479600
36081003300,467500
36081003400,447700
36081003600,547000
36081003700,-
36081003800,509100
36081003900,540100
36081004001,442600
36081004002,520100
36081004200,472000
36081004300,118300
36081004401,567300
36081004500,227000
36081004700,644700
36081005000,-
36081005100,554800
36081005200,557000
36081005300,513300
36081005400,466300
36081005500,944400
36081005700,758000
36081005800,463400
36081005900,658100
36081006100,594900
36081006201,192200
36081006202,461300
36081006300,823200
36081006501,668700
36081006502,722100
36081006900,597100
36081007100,642300
36081007300,380000
36081007500,323500
36081007700,678600
36081007900,486400
36081008100,576900
36081008300,672600
36081008500,558800
36081008600,464000
36081008700,379400
36081008800,535300
36081009100,645700
36081009400,424200
36081009500,670700
36081009600,447000
36081009700,664500
36081009800,562100
36081009900,-
36081010000,422900
36081010100,671600
36081010200,452600
36081010300,753900
36081010400,467100
36081010500,622200
36081010600,496700
36081010701,-
36081010800,474800
36081011000,459300
36081011100,609400
36081011200,590700
36081011300,574700
36081011400,458500
36081011500,590600
36081011600,474700
36081011700,649300
36081011800,487800
36081011900,580100
36081012000,562500
36081012100,727300
36081012200,519100
36081012301,587800
36081012400,593000
36081012500,667700
36081012601,391100
36081012602,522300
36081012800,548600
36081013000,586500
36081013200,625800
36081013400,248700
36081013500,651900
36081013600,236600
36081013700,748800
36081013800,320000
36081014000,515400
36081014100,747500
36081014201,496600
36081014202,516300
36081014300,803200
36081014400,663300
36081014500,599200
36081014700,786400
36081014800,592900
36081014900,531300
36081015000,466700
36081015100,634500
36081015200,448900
36081015300,662000
36081015400,484100
36081015500,777800
36081015600,491900
36081015700,-
36081015801,393000
36081015802,490200
36081015900,632100
36081016100,689900
36081016300,686100
36081016400,445400
36081016600,496600
36081016800,466100
36081016900,574200
36081017000,515600
36081017100,-
36081017200,404900
36081017400,425600
36081017600,424200
36081017800,424200
36081017900,468000
36081018000,463600
36081018101,395500
36081018102,301500
36081018200,375000
36081018300,486500
36081018401,438300
36081018402,378400
36081018501,208300
36081018502,288100
36081018600,362600
36081018700,653600
36081018800,448500
36081018900,614600
36081019000,346100
36081019200,357200
36081019400,430100
36081019600,437700
36081019800,472500
36081019900,363600
36081020200,362800
36081020400,477800
36081020500,460800
36081020600,566700
36081020800,479600
36081021200,481900
36081021400,444400
36081021600,239500
36081021900,-
36081022001,227800
36081022002,216000
36081022900,-
36081023000,609000
36081023200,546000
36081023500,644000
36081023600,605100
36081023800,594200
36081024000,378100
36081024300,604400
36081024500,34100
36081024600,-
36081024700,588400
36081024900,377800
36081025100,241300
36081025301,425800
36081025302,288800
36081025400,395800
36081025500,248900
36081025700,436000
36081025800,318600
36081025900,275600
36081026000,364500
36081026100,565700
36081026200,383300
36081026300,409200
36081026400,379800
36081026500,398900
36081026600,463500
36081026700,383800
36081026901,476400
36081026902,360500
36081027000,357600
36081027100,155900
36081027200,341500
36081027300,223200
36081027400,409900
36081027500,201100
36081027600,502600
36081027700,207100
36081027800,386500
36081027900,231100
36081028000,373700
36081028100,268200
36081028200,327600
36081028300,229700
36081028400,373400
36081028500,350000
36081028700,284700
36081028800,423800
36081028900,461300
36081029100,330400
36081029300,557700
36081029400,445200
36081029500,195700
36081029700,574100
36081029900,-
36081030600,419100
36081030902,598400
36081030903,627700
36081030904,611800
36081031700,365000
36081032000,403700
36081032700,767900
36081032800,433200
36081032900,540600
36081033000,424700
36081033100,-
36081033401,424000
36081033402,147900
36081033700,616500
36081033900,224300
36081034700,551300
36081035100,234900
36081035200,394900
36081035300,524300
36081035700,542500
36081035800,447400
36081036100,432800
36081036300,395100
36081036500,686100
36081036600,372800
36081036700,510600
36081036800,379300
36081037100,550200
36081037300,549600
36081037500,627500
36081037600,415500
36081037700,614800
36081037900,600200
36081038100,324700
36081038301,-
36081038302,-
36081038400,433800
36081039400,409200
36081039800,443300
36081039900,590800
36081040000,462900
36081040100,654400
36081040200,447400
36081040300,647200
36081040400,388100
36081040500,787700
36081040700,563000
36081040900,572400
36081041100,567600
36081041300,572100
36081041400,401100
36081041500,615700
36081042400,533000
36081042600,-
36081042700,526200
36081043200,470100
36081043400,381200
36081043701,442400
36081043702,280200
36081043900,574700
36081044000,354200
36081044301,638000
36081044302,478800
36081044400,426700
36081044601,131000
36081044602,365000
36081044800,611200
36081045000,596600
36081045200,734000
36081045400,504500
36081045500,-
36081045600,616200
36081045700,624500
36081045800,879900
36081045900,655100
36081046000,297600
36081046100,764100
36081046200,427500
36081046300,453700
36081046400,466700
36081046500,802600
36081046600,179400
36081046700,502300
36081046800,444300
36081046900,452600
36081047000,432900
36081047100,611100
36081047200,744100
36081047300,294800
36081047500,436400
36081047600,661600
36081047800,185700
36081047900,586300
36081048000,517000
36081048100,392000
36081048200,604500
36081048300,671500
36081048400,445800
36081048500,417800
36081048900,486000
36081049200,463600
36081049301,519200
36081049302,482900
36081049500,662600
36081049600,414900
36081049700,613900
36081049900,639200
36081050000,467600
36081050201,450000
36081050202,478100
36081050400,461000
36081050500,626200
36081050600,444400
36081050700,581500
36081050800,478200
36081051000,387900
36081051100,566200
36081051200,445700
36081051300,581900
36081051500,369600
36081051600,423700
36081051700,560800
36081051800,381300
36081052000,419700
36081052100,499600
36081052200,440600
36081052400,413100
36081052500,607100
36081052600,409500
36081052800,445000
36081053000,420900
36081053100,594600
36081053200,399300
36081053401,408100
36081053500,535100
36081053601,405900
36081053800,440300
36081053900,527600
36081054000,429200
36081054200,446400
36081054500,572100
36081054700,475500
36081054800,456900
36081054900,572300
36081055100,618400
36081055200,445300
36081055300,471400
36081055400,409300
36081055500,454300
36081055600,446800
36081055700,569800
36081055800,453500
36081055900,343800
36081056000,486800
36081056100,-
36081056200,446200
36081056400,511300
36081056500,471400
36081056600,496500
36081056700,530300
36081056800,427500
36081057700,551400
36081057900,490200
36081058000,441000
36081058100,552300
36081058200,423100
36081058300,621300
36081058500,609000
36081058700,533700
36081058900,591400
36081059000,439800
36081059100,584300
36081059200,449100
36081059300,587000
36081059400,410400
36081059500,530900
36081059600,380700
36081059800,385500
36081059900,529200
36081060000,354000
36081060100,405600
36081060300,617500
36081060600,433100
36081060701,-
36081060800,461100
36081061000,458000
36081061200,438900
36081061301,614300
36081061302,-
36081061400,449100
36081061601,427700
36081061602,436000
36081061800,262500
36081061900,590100
36081062000,444800
36081062100,560500
36081062200,434500
36081062300,574200
36081062400,-
36081062500,584400
36081062600,390900
36081062700,475400
36081062900,486900
36081063000,372900
36081063200,417200
36081063301,498500
36081063302,488500
36081063500,575100
36081063700,553700
36081063800,425500
36081063900,517300
36081064101,202400
36081064102,213800
36081064500,613900
36081064600,450900
36081065000,440600
36081065400,460700
36081065501,-
36081065600,455900
36081065702,585700
36081065703,552400
36081065900,493900
36081066000,483300
36081066100,563200
36081066300,561700
36081066400,454100
36081066501,628000
36081066701,591900
36081066900,622700
36081067100,545900
36081067700,623600
36081067900,574000
36081068000,455200
36081068200,433200
36081068300,203200
36081068700,476900
36081069000,452800
36081069300,307900
36081069400,529400
36081069500,636200
36081069701,280700
36081069702,650300
36081070300,573800
36081070700,595800
36081070900,588800
36081071100,275000
36081071303,244200
36081071304,243100
36081071305,330000
36081071306,278000
36081071600,-
36081071701,248800
36081071702,256300
36081071900,541900
36081072100,245400
36081072300,936400
36081072900,607300
36081073100,658600
36081073700,526100
36081073900,292500
36081074100,307200
36081074300,296100
36081074500,571200
36081074700,258300
36081074900,"1,000,000+"
36081075701,278700
36081075702,355100
36081076901,292400
36081076902,361700
36081077300,199100
36081077500,825500
36081077902,556100
36081077903,232300
36081077904,254300
36081077905,245800
36081077906,220200
36081077907,555400
36081077908,446400
36081078800,337900
36081079000,429100
36081079200,415100
36081079300,-
36081079701,274500
36081079702,309100
36081079900,642600
36081080301,632500
36081080302,503700
36081080900,224800
36081081400,436800
36081081800,485700
36081083700,497700
36081083800,542500
36081084000,461600
36081084500,562500
36081084601,616200
36081084602,617100
36081084900,451700
36081085300,286600
36081085500,221500
36081085700,338800
36081085900,230000
36081086100,414600
36081086300,226700
36081086400,454400
36081086500,337500
36081086900,359900
36081087100,83100
36081088400,550300
36081088901,225800
36081089200,658600
36081090700,508000
36081091601,519600
36081091602,-
36081091800,-
36081091900,501500
36081092200,834600
36081092500,605400
36081092800,829500
36081092900,540100
36081093401,653500
36081093402,608400
36081093800,213300
36081093900,551200
36081094201,604100
36081094202,368800
36081094203,22700
36081094500,766800
36081094700,577000
36081095400,376700
36081096400,390600
36081097202,-
36081097203,441200
36081097204,228000
36081097300,740200
36081098100,765900
36081098700,670700
36081099100,397900
36081099200,426500
36081099701,374300
36081099703,483300
36081099704,323000
36081099705,603100
36081099801,414700
36081099802,425900
36081099900,-
36081100801,453100
36081100802,502200
36081101001,447600
36081101002,635400
36081101700,372000
36081102900,632700
36081103201,432100
36081103202,622100
36081103300,623700
36081103900,659700
36081104700,553600
36081105900,659100
36081107201,453700
36081107202,-
36081108500,648900
36081109300,767100
36081109700,682400
36081109900,503600
36081111300,766300
36081112300,690900
36081112900,676900
36081113300,561200
36081113900,494200
36081114100,658400
36081114700,717100
36081115100,696000
36081115500,594400
36081115700,509800
36081115900,626300
36081116100,217400
36081116300,511600
36081116700,628400
36081117100,790400
36081117500,579600
36081118100,574100
36081118500,617500
36081118700,711600
36081118900,732700
36081119100,648500
36081119300,661100
36081119500,619900
36081119900,639900
36081120100,637800
36081120300,739500
36081120500,633500
36081120700,615100
36081121100,-
36081121500,538500
36081122300,674400
36081122701,397400
36081122702,446800
36081124100,588000
36081124700,609600
36081125700,553300
36081126500,587300
36081126700,580700
36081127700,885600
36081128300,-
36081129102,623500
36081129103,228800
36081129104,249500
36081130100,237100
36081133300,641900
36081133900,656900
36081134100,637100
36081134700,448600
36081136700,277100
36081137700,502300
36081138501,756100
36081138502,-
36081139900,673500
36081140300,539500
36081140901,611700
36081140902,639800
36081141700,604300
36081142900,625800
36081143500,670400
36081144100,546900
36081144700,634500
36081145101,546000
36081145102,585800
36081145900,612600
36081146300,604200
36081146700,613200
36081147100,578400
36081147900,587900
36081148300,965900
36081150701,745900
36081150702,671500
36081152901,376100
36081152902,286700
36081155101,452200
36081155102,270400
36081156700,588400
36081157101,481600
36081157102,581300
36081157901,514700
36081157902,580800
36081157903,481300
36081161700,516700
36081162100,501300
36081990100,-
36083040100,90800
36083040200,118600
36083040300,119100
36083040400,90400
36083040500,114200
36083040600,125400
36083040700,102600
36083040800,218200
36083040900,98400
36083041000,108000
36083041100,154600
36083041200,162500
36083041300,156300
36083041400,166300
36083051500,122100
36083051600,151400
36083051701,155700
36083051702,120400
36083051800,169900
36083051901,188800
36083051902,177600
36083052002,189100
36083052003,197600
36083052004,193100
36083052101,161000
36083052102,129000
36083052103,157100
36083052201,208300
36083052203,178100
36083052204,223800
36083052301,216900
36083052303,167500
36083052304,189200
36083052402,293500
36083052403,180100
36083052404,204400
36083052501,231100
36083052502,200100
36083052503,164100
36083052601,183200
36083052602,125900
36083052603,158500
36085000300,345800
36085000600,386100
36085000700,168700
36085000800,403100
36085000900,463700
36085001100,311800
36085001700,466900
36085001800,-
36085002001,449000
36085002002,462100
36085002100,308300
36085002700,434500
36085002900,353100
36085003300,437000
36085003600,398500
36085003900,279300
36085004000,324100
36085004700,453900
36085005000,436800
36085005900,585700
36085006400,490200
36085006700,547700
36085007000,487200
36085007400,452500
36085007500,453500
36085007700,357100
36085008100,394800
36085008900,-
36085009601,494800
36085009602,514800
36085009700,389100
36085010500,431900
36085011201,457700
36085011202,424800
36085011401,379400
36085011402,440800
36085012100,523400
36085012200,549800
36085012500,462000
36085012804,433100
36085012805,438100
36085012806,463500
36085013201,533600
36085013203,498900
36085013204,480900
36085013301,-
36085013302,414100
36085013400,487600
36085013800,527700
36085014100,355100
36085014604,487800
36085014605,523100
36085014606,432900
36085014607,471500
36085014608,454800
36085014700,518000
36085015100,470800
36085015400,-
36085015601,500800
36085015602,519600
36085015603,450300
36085016901,467500
36085017005,543200
36085017007,353200
36085017008,471000
36085017009,635800
36085017010,381500
36085017011,520500
36085017012,544400
36085017300,556600
36085017600,762800
36085017700,730300
36085018100,762700
36085018701,432100
36085018702,470400
36085018901,475200
36085018902,472600
36085019700,439500
36085019800,685400
36085020100,460700
36085020700,350500
36085020801,462000
36085020803,613200
36085020804,625200
36085021300,394000
36085022300,348300
36085022600,520900
36085022800,586700
36085023100,342000
36085023900,386200
36085024401,714300
36085024402,506400
36085024700,389500
36085024800,550100
36085025100,456300
36085027301,376200
36085027302,527900
36085027702,277100
36085027704,482900
36085027705,503600
36085027706,419400
36085027900,642500
36085029102,414300
36085029103,518600
36085029104,450400
36085030301,365600
36085030302,360300
36085031901,344400
36085031902,361200
36085032300,203500
36085990100,-
36087010101,614100
36087010102,396300
36087010200,415900
36087010501,433100
36087010502,303600
36087010503,673700
36087010601,377900
36087010602,336100
36087010701,311800
36087010702,372900
36087010703,363700
36087010801,651500
36087010802,691500
36087010803,544600
36087010804,520700
36087010901,500300
36087010902,446900
36087011000,641800
36087011101,479600
36087011102,370600
36087011200,574500
36087011301,335600
36087011302,498100
36087011303,520300
36087011401,497800
36087011403,532200
36087011404,386900
36087011405,468000
36087011501,577300
36087011502,490900
36087011504,434100
36087011505,525500
36087011506,458100
36087011601,634200
36087011602,647000
36087011603,541600
36087011700,408900
36087011800,346800
36087011901,402400
36087011902,423900
36087012000,275900
36087012101,609700
36087012102,407400
36087012103,645600
36087012105,607600
36087012106,431500
36087012202,172900
36087012203,368400
36087012204,391900
36087012300,351500
36087012401,195800
36087012402,355800
36087012501,476200
36087012502,511100
36087012600,472800
36087012700,464100
36087012800,597300
36087013001,478400
36087013002,504100
36087013003,768000
36087013100,477700
36087013200,533100
36087013300,716100
36087013401,497700
36087013402,571100
36089490100,63800
36089490200,92000
36089490300,80200
36089490400,102200
36089490500,87400
36089490600,82000
36089490700,82700
36089490800,116700
36089490900,92500
36089491000,75800
36089491100,-
36089491200,167900
36089491300,82800
36089491400,64900
36089491500,68100
36089491600,68200
36089491700,76500
36089491800,68300
36089491900,-
36089492000,122100
36089492100,95000
36089492300,96100
36089492400,70300
36089492500,65900
36089492600,78300
36089492700,69400
36089492800,84600
36089492900,84600
36091060101,178200
36091060102,162300
36091060200,141300
36091060300,132400
36091060400,122400
36091060501,157100
36091060502,160200
36091060503,162900
36091060601,207100
36091060602,222000
36091060701,181600
36091060702,271300
36091060800,187000
36091060901,215100
36091060902,153300
36091061000,319200
36091061100,345900
36091061200,246100
36091061301,492300
36091061302,217300
36091061303,-
36091061401,97900
36091061403,202700
36091061404,212200
36091061500,214700
36091061600,250300
36091061701,264300
36091061702,235100
36091061800,191300
36091061901,271900
36091061903,180100
36091062000,197300
36091062100,173000
36091062200,153600
36091062300,145400
36091062403,188000
36091062404,272800
36091062405,209000
36091062406,182800
36091062501,278100
36091062503,271900
36091062505,276200
36091062506,228900
36091062507,263900
36091062508,250500
36091062509,261800
36091062601,284500
36091062602,339800
36091062700,212100
36091062800,149500
36093020101,120300
36093020102,117200
36093020200,79500
36093020300,93000
36093020500,138400
36093020600,134600
36093020700,94000
36093020800,106000
36093020900,74500
36093021001,132500
36093021002,75000
36093021200,94700
36093021400,78200
36093021500,86000
36093021600,97000
36093021700,105100
36093021800,125800
36093031900,269800
36093032000,198800
36093032101,293100
36093032102,294000
36093032200,149300
36093032300,135900
36093032402,221300
36093032403,156000
36093032404,203900
36093032502,192400
36093032503,207300
36093032504,216400
36093032601,248800
36093032602,184100
36093032700,139900
36093032901,145100
36093032902,150400
36093033002,228100
36093033003,183500
36093033004,143800
36093033101,209900
36093033102,198000
36093033200,97500
36093033300,154200
36093033400,168900
36093033500,158300
36095740100,156100
36095740200,141100
36095740300,-
36095740400,122500
36095740500,131900
36095740600,130300
36095740700,142100
36095740800,136100
36097950100,92500
36097950200,131000
36097950300,83600
36097950400,76800
36097950500,82000
36099950100,88000
36099950200,91600
36099950300,100700
36099950400,83300
36099950500,74400
36099950600,74600
36099950700,113500
36099950800,116700
36099950900,88800
36099951000,99500
36101960100,116100
36101960200,78300
36101960300,74300
36101960400,79300
36101960500,88900
36101960600,92400
36101960700,67500
36101960800,60300
36101960900,57500
36101961000,78600
36101961100,89300
36101961200,82900
36101961300,74400
36101961400,107600
36101961500,93900
36101961600,87700
36101961700,77400
36101961800,72300
36101961900,71300
36101962000,75500
36101962100,65400
36101962200,75800
36101962300,119100
36101962400,82400
36101962500,77800
36101962600,88100
36101962700,87800
36101962800,88300
36101962900,105400
36101963000,96200
36103110101,"1,000,000+"
36103110102,827100
36103110200,647900
36103110300,683500
36103110401,770400
36103110402,535300
36103110501,716300
36103110502,570300
36103110600,631100
36103110801,815500
36103110803,642500
36103110901,532700
36103110902,436100
36103111001,475300
36103111002,395500
36103111100,370300
36103111201,395200
36103111202,419800
36103111300,695300
36103111401,519800
36103111402,459400
36103111503,486500
36103111504,618400
36103111505,462600
36103111506,544100
36103111601,450200
36103111602,469400
36103111701,449700
36103111703,522900
36103111704,516000
36103111801,492500
36103111802,586100
36103111803,577600
36103111804,555600
36103111900,619300
36103112001,451800
36103112002,512600
36103112102,845900
36103112103,451800
36103112104,922900
36103112204,538100
36103112206,612500
36103112210,703000
36103112211,711400
36103112212,865400
36103112213,684700
36103112214,824400
36103122300,445700
36103122403,459200
36103122404,371400
36103122405,517800
36103122406,321300
36103122501,276800
36103122502,375100
36103122601,388200
36103122602,399600
36103122603,369200
36103122704,399000
36103122705,435400
36103122706,376700
36103122707,385500
36103122801,372600
36103122802,352400
36103122901,404500
36103122902,363400
36103123001,382600
36103123002,374300
36103123101,414900
36103123102,403500
36103123201,437700
36103123202,358500
36103123301,301500
36103123302,414500
36103123401,362500
36103123402,373600
36103123500,394600
36103123600,524600
36103123701,345800
36103123702,354000
36103123801,408900
36103123802,390200
36103123900,391200
36103124001,389300
36103124002,399500
36103124101,396000
36103124102,414200
36103124200,376000
36103124300,372000
36103124401,385900
36103124402,400600
36103124500,460900
36103124601,472500
36103124602,577300
36103134702,436400
36103134703,805700
36103134704,498800
36103134902,586700
36103134903,595800
36103134904,570400
36103134906,471700
36103134907,472500
36103135002,496600
36103135003,487800
36103135004,"1,000,000+"
36103135005,446200
36103135101,522900
36103135102,528200
36103135103,588000
36103135104,525700
36103135201,469100
36103135204,577800
36103135205,499600
36103135208,532400
36103135209,534700
36103135301,570000
36103135303,454100
36103135304,470900
36103135401,519400
36103135402,484400
36103135403,438400
36103145602,327300
36103145603,312200
36103145604,340800
36103145605,334000
36103145701,575600
36103145702,367000
36103145703,323300
36103145704,287800
36103145803,534200
36103145804,359300
36103145805,372200
36103145807,385800
36103145808,380600
36103145901,342600
36103145902,362400
36103145903,356700
36103146001,353600
36103146002,340800
36103146003,347200
36103146102,341800
36103146103,391100
36103146105,342800
36103146106,350800
36103146201,336900
36103146202,344100
36103146203,347000
36103146204,365400
36103146205,422900
36103146206,370100
36103146300,337600
36103146402,407300
36103146403,314500
36103146404,343600
36103146500,399800
36103146604,415400
36103146605,388700
36103146606,456200
36103146607,308200
36103146608,396600
36103146611,395500
36103146612,399900
36103146613,406000
36103146614,406900
36103146615,428200
36103146703,358900
36103146704,413900
36103146705,455600
36103146706,384400
36103146800,434100
36103146901,460500
36103146902,691600
36103147001,446300
36103147003,470400
36103147004,831100
36103147100,586800
36103147200,361500
36103147300,393200
36103147401,343500
36103147402,571400
36103147501,396800
36103147502,471400
36103147503,683900
36103147601,557200
36103147602,453400
36103147701,381000
36103147702,430900
36103147802,574700
36103147803,425200
36103147804,472200
36103147901,445800
36103147902,539100
36103158001,755300
36103158002,592100
36103158006,456600
36103158007,587500
36103158009,497000
36103158010,592000
36103158011,428500
36103158102,370900
36103158103,389800
36103158104,348400
36103158107,440500
36103158108,466900
36103158110,355100
36103158111,345100
36103158112,345700
36103158114,394500
36103158115,400900
36103158116,309000
36103158202,373400
36103158203,574400
36103158205,495700
36103158206,520500
36103158207,670300
36103158304,461800
36103158306,443700
36103158308,391800
36103158309,374300
36103158310,353300
36103158315,329500
36103158317,343900
36103158318,363000
36103158319,360700
36103158320,392300
36103158321,367500
36103158322,592300
36103158323,491900
36103158401,521700
36103158402,479100
36103158403,272600
36103158405,424500
36103158407,348000
36103158408,310100
36103158409,322800
36103158410,240100
36103158502,391300
36103158505,458500
36103158506,379100
36103158507,343600
36103158508,398400
36103158509,321400
36103158510,362800
36103158511,369300
36103158512,406600
36103158604,383200
36103158605,392300
36103158606,365500
36103158607,344800
36103158608,346700
36103158609,371700
36103158704,305300
36103158705,304600
36103158707,361600
36103158708,240800
36103158709,329400
36103158710,346800
36103158711,301200
36103158712,331200
36103158802,413400
36103158803,386600
36103158804,345000
36103158900,304200
36103159000,334500
36103159102,333100
36103159103,313200
36103159105,363000
36103159106,351100
36103159107,373700
36103159108,371600
36103159201,338600
36103159203,421300
36103159204,376200
36103159300,465000
36103159404,323800
36103159406,426200
36103159407,328800
36103159408,294700
36103159410,455700
36103159411,333500
36103159412,393000
36103159505,315800
36103159506,300800
36103159508,271500
36103159509,277000
36103159510,344600
36103159511,295700
36103159512,273800
36103159601,429700
36103159602,448000
36103169701,426400
36103169703,423600
36103169704,324100
36103169800,317500
36103169901,381000
36103169902,478300
36103170001,550800
36103170002,646200
36103170101,470900
36103170201,509800
36103170202,550800
36103180300,845400
36103190401,316600
36103190402,560000
36103190403,605500
36103190502,715500
36103190503,583200
36103190504,717400
36103190601,600300
36103190603,459300
36103190604,481800
36103190704,"1,000,000+"
36103190705,673700
36103190706,767800
36103190707,830900
36103190708,"1,000,000+"
36103190800,"1,000,000+"
36103200901,"1,000,000+"
36103200902,904300
36103201001,701200
36103201003,886600
36103201004,819600
36103201100,337500
36103990100,-
36105950100,191600
36105950200,175500
36105950300,180200
36105950400,178200
36105950500,172600
36105950600,205200
36105950700,158600
36105950800,120200
36105950900,191900
36105951000,129700
36105951100,218100
36105951200,233000
36105951300,220000
36105951500,159100
36105951600,165100
36105951700,223500
36105951800,130500
36105951900,275600
36105952000,191600
36105952100,170500
36105952200,196900
36105952300,189400
36105952400,187700
36105952500,214900
36107020100,88200
36107020200,89500
36107020300,124300
36107020401,105600
36107020402,131200
36107020500,91900
36107020600,84800
36107020701,98000
36107020702,91500
36107020703,80500
36109000100,312100
36109000200,235900
36109000300,305600
36109000400,186700
36109000500,223500
36109000600,345900
36109000700,170100
36109000800,159400
36109000900,217700
36109001000,147000
36109001100,164500
36109001200,-
36109001300,198000
36109001400,171800
36109001500,236700
36109001600,190100
36109001700,107500
36109001800,114100
36109001900,142900
36109002000,155600
36109002100,131000
36109002200,109700
36109002300,148200
36111950100,217200
36111950200,230500
36111950300,210900
36111950400,219900
36111950500,336500
36111950600,419900
36111950900,220100
36111951000,275600
36111951100,265600
36111951200,242700
36111951300,193100
36111951400,186700
36111951500,209700
36111951600,238400
36111951700,192100
36111951800,197500
36111951900,189800
36111952000,184100
36111952100,162000
36111952200,247500
36111952300,179700
36111952400,235500
36111952500,216900
36111952600,248400
36111952700,212400
36111952800,215700
36111952900,305100
36111953000,245200
36111953300,340000
36111953400,265200
36111953500,335700
36111953600,245000
36111953700,288000
36111953800,269900
36111953900,312600
36111954000,256800
36111954100,241600
36111954200,336900
36111954400,301400
36111954500,179700
36111954600,200700
36111954700,215600
36111954800,165900
36111954900,244100
36111955000,211200
36111955300,216700
36111955400,278700
36113070100,143300
36113070200,127100
36113070300,173000
36113070400,146800
36113070500,132400
36113070601,252900
36113070602,232300
36113070701,235500
36113070702,207900
36113070800,148200
36113070900,239000
36113071000,163400
36113072000,236300
36113073000,125700
36113073500,132800
36113074000,160300
36113075000,169300
36113076000,200700
36113078000,356800
36115080100,119000
36115080200,127200
36115080300,160000
36115081000,140800
36115082001,96300
36115082002,145300
36115084000,109900
36115085000,158600
36115086000,125900
36115087000,152500
36115088000,98100
36115089000,181300
36115090000,151600
36115091000,196900
36115092000,148600
36115093000,189400
36115094000,164300
36117020101,153700
36117020102,133400
36117020201,134900
36117020202,156300
36117020301,126600
36117020302,151400
36117020401,131600
36117020402,103000
36117020500,114800
36117020600,101600
36117020700,88800
36117020800,108400
36117020900,83900
36117021000,92800
36117021100,93000
36117021200,86100
36117021400,66600
36117021501,113300
36117021502,73500
36117021600,74000
36117021700,70400
36117021800,65100
36117990100,-
36119000101,122600
36119000103,408900
36119000104,-
36119000201,343500
36119000202,402400
36119000203,213000
36119000300,443100
36119000401,400000
36119000402,223500
36119000500,-
36119000600,226200
36119000701,493200
36119000702,242100
36119000801,337300
36119000802,458000
36119000803,472500
36119000900,448300
36119001000,430800
36119001101,325900
36119001102,268200
36119001200,475700
36119001301,489800
36119001302,402200
36119001303,387000
36119001401,595500
36119001402,493200
36119001403,448900
36119001502,363800
36119001503,466100
36119001504,442100
36119001505,144700
36119001600,372900
36119001700,531900
36119001800,479200
36119001900,462600
36119002000,557000
36119002101,469700
36119002103,655700
36119002104,243700
36119002105,678400
36119002106,378400
36119002107,550000
36119002201,568300
36119002202,383200
36119002203,141400
36119002204,303500
36119002300,461800
36119002401,353300
36119002402,176000
36119002403,403300
36119002404,419100
36119002405,574800
36119002600,419300
36119002700,451700
36119002800,426100
36119002900,452400
36119003000,425300
36119003100,-
36119003200,395700
36119003300,449300
36119003400,433700
36119003500,439800
36119003600,415400
36119003700,419100
36119003800,162900
36119003900,468000
36119004000,490200
36119004100,275600
36119004200,203100
36119004300,478900
36119004400,585700
36119004500,426800
36119004600,601900
36119004700,"1,000,000+"
36119004800,564800
36119004900,240700
36119005001,652100
36119005002,648600
36119005100,497400
36119005200,704300
36119005300,618900
36119005400,"1,000,000+"
36119005500,748200
36119005600,-
36119005701,341100
36119005702,247300
36119005800,438300
36119005901,256000
36119005902,558400
36119006000,594200
36119006100,515500
36119006200,475000
36119006300,474500
36119006400,550600
36119006500,646100
36119006600,598300
36119006700,890700
36119006801,748400
36119006802,713600
36119006900,965000
36119007000,749300
36119007100,"1,000,000+"
36119007200,481800
36119007300,580400
36119007401,616900
36119007402,678100
36119007500,"1,000,000+"
36119007600,"1,000,000+"
36119007700,735400
36119007800,463600
36119007900,385700
36119008000,441900
36119008100,354200
36119008200,569400
36119008301,570300
36119008302,827200
36119008401,"1,000,000+"
36119008403,705300
36119008404,443600
36119008500,"1,000,000+"
36119008602,"1,000,000+"
36119008700,627800
36119008800,246600
36119008901,369900
36119008902,586200
36119009000,427500
36119009100,473400
36119009200,464000
36119009300,376500
36119009400,491700
36119009500,418000
36119009600,633800
36119009701,671900
36119009702,474600
36119009703,828900
36119009800,"1,000,000+"
36119009900,"1,000,000+"
36119010000,"1,000,000+"
36119010100,894200
36119010200,713900
36119010300,573900
36119010400,659100
36119010500,629100
36119010600,690200
36119010701,852600
36119010702,593500
36119010801,579600
36119010803,373500
36119010804,399600
36119010901,386900
36119010902,523000
36119010903,577800
36119011000,373800
36119011101,564100
36119011102,673300
36119011200,491400
36119011300,644300
36119011400,601300
36119011500,451100
36119011600,599400
36119011700,774700
36119011800,825200
36119011902,612300
36119012000,571900
36119012101,736500
36119012102,647500
36119012200,611500
36119012301,598500
36119012303,988000
36119012304,"1,000,000+"
36119012400,"1,000,000+"
36119012501,702300
36119012502,766500
36119012503,594300
36119012600,781400
36119012700,"1,000,000+"
36119012802,599800
36119012900,231600
36119013000,520500
36119013102,910300
36119013103,872300
36119013104,913800
36119013201,924700
36119013202,624200
36119013301,320900
36119013304,446500
36119013400,381300
36119013500,421600
36119013600,470700
36119013700,504200
36119013800,497400
36119013900,533200
36119014000,388500
36119014100,372500
36119014200,331600
36119014300,322700
36119014400,343600
36119014500,340900
36119014604,372200
36119014605,355700
36119014606,660000
36119014607,498500
36119014701,405800
36119014703,402600
36119014704,428500
36119014804,417800
36119014805,643100
36119014806,498500
36119014808,588300
36119014809,561500
36119014810,287200
36119014811,479800
36119014901,723400
36119014903,484600
36119014907,469800
36119014908,669000
36119014909,485000
36119015000,655300
36119981000,-
36119982000,-
36119983000,-
36119984000,-
36119985000,-
36121970100,92400
36121970200,101200
36121970300,145100
36121970400,120600
36121970500,92300
36121970600,77900
36121970700,101500
36121970800,83200
36121970900,119200
36121971000,106200
36121971100,73100
36123150100,111100
36123150200,99900
36123150300,99600
36123150400,197900
36123150500,125800
