GEO_ID,Estimate!!Median contract rent
36001000100,1000
36001000201,1008
36001000202,744
36001000301,1032
36001000302,1477
36001000401,1465
36001000403,1129
36001000404,1782
36001000501,679
36001000502,1181
36001000600,975
36001000700,1046
36001000800,-
36001001100,1226
36001001400,1158
36001001500,1030
36001001600,1276
36001001700,1312
36001001802,951
36001001803,1265
36001001804,1017
36001001901,1456
36001001902,1428
36001002000,1015
36001002100,1413
36001002200,1136
36001002300,1012
36001002500,811
36001002600,830
36001012700,1613
36001012800,981
36001012900,829
36001013000,1160
36001013100,972
36001013200,881
36001013300,889
36001013400,998
36001013503,847
36001013505,1152
36001013507,1662
36001013509,1141
36001013510,1273
36001013511,1824
36001013512,1787
36001013602,1349
36001013603,1070
36001013604,1320
36001013703,1514
36001013706,-
36001013707,1446
36001013708,1763
36001013709,1211
36001013802,2079
36001013803,854
36001013804,1082
36001013901,-
36001013902,1353
36001014001,1358
36001014002,1096
36001014100,1423
36001014201,1702
36001014202,1568
36001014203,1480
36001014301,1095
36001014303,1516
36001014304,1717
36001014401,610
36001014402,907
36001014501,1013
36001014502,676
36001014503,1142
36001014606,1682
36001014608,1231
36001014609,1419
36001014611,1628
36001014612,895
36001014613,912
36001014614,1631
36001014615,1367
36001014616,1123
36001014617,959
36001014700,822
36001014801,970
36001014802,1093
36001014803,663
36003940200,-
36003950100,705
36003950300,646
36003950401,602
36003950402,552
36003950500,533
36003950600,586
36003950700,617
36003950800,700
36003950900,462
36003951000,729
36003951100,651
36003951201,536
36003951202,636
36003951301,406
36003951302,467
36005000100,-
36005000200,1969
36005000400,1650
36005001600,1198
36005001901,1936
36005001902,1898
36005001903,-
36005001904,-
36005002001,541
36005002002,317
36005002300,653
36005002400,-
36005002500,1113
36005002701,591
36005002702,1167
36005002800,1043
36005003100,1460
36005003300,1082
36005003500,1142
36005003700,-
36005003800,1413
36005003900,-
36005004001,1573
36005004100,767
36005004200,1162
36005004300,759
36005004400,505
36005004600,1076
36005004800,1249
36005005001,1426
36005005002,1512
36005005100,664
36005005200,951
36005005300,1410
36005005400,1377
36005005600,1280
36005005902,1181
36005006000,1329
36005006100,1302
36005006200,925
36005006301,1365
36005006302,-
36005006400,1600
36005006500,1133
36005006700,923
36005006800,1787
36005006900,1128
36005007000,1684
36005007100,1132
36005007200,1232
36005007300,978
36005007400,1278
36005007500,949
36005007600,1560
36005007700,1175
36005007800,1446
36005007900,1243
36005008300,1031
36005008400,1584
36005008500,996
36005008600,727
36005008700,996
36005008900,1021
36005009000,757
36005009200,1390
36005009301,1325
36005009302,-
36005009600,1668
36005009800,1408
36005011000,-
36005011502,1107
36005011701,1130
36005011702,-
36005011800,1890
36005011900,1240
36005012101,1464
36005012102,766
36005012300,1347
36005012500,1270
36005012701,1044
36005012901,1050
36005013000,1973
36005013100,1135
36005013200,2191
36005013300,684
36005013500,1059
36005013800,1789
36005014100,1171
36005014300,628
36005014400,386
36005014500,1074
36005014701,909
36005014702,516
36005014900,1435
36005015100,1185
36005015200,1730
36005015300,1136
36005015500,1056
36005015700,1227
36005015800,1620
36005015900,896
36005016000,2205
36005016100,1027
36005016200,1835
36005016300,-
36005016400,2042
36005016500,1195
36005016600,1723
36005016700,1091
36005016900,1198
36005017100,-
36005017300,1290
36005017500,974
36005017701,1414
36005017702,1041
36005017901,1478
36005017902,1404
36005018101,1319
36005018102,1142
36005018301,1265
36005018302,1519
36005018400,1795
36005018501,1067
36005018502,984
36005018900,1325
36005019300,1114
36005019400,1900
36005019500,1260
36005019700,1397
36005019900,1219
36005020000,1326
36005020100,1294
36005020200,1194
36005020400,1674
36005020501,1087
36005020502,1175
36005020601,1527
36005020900,1220
36005021001,1659
36005021002,1610
36005021100,1071
36005021200,1686
36005021301,1183
36005021302,1233
36005021501,1245
36005021502,1211
36005021601,1419
36005021602,1670
36005021700,1169
36005021800,1365
36005021900,1231
36005022000,1128
36005022101,1239
36005022102,1309
36005022200,1472
36005022300,1099
36005022401,1567
36005022403,1662
36005022404,1597
36005022500,1291
36005022701,1446
36005022702,1327
36005022703,1427
36005022800,1678
36005022901,1136
36005022902,1407
36005023000,1504
36005023100,1306
36005023200,1641
36005023301,1192
36005023302,1338
36005023501,1287
36005023502,1157
36005023600,1610
36005023702,1446
36005023703,1357
36005023704,1579
36005023800,1752
36005023900,1356
36005024000,1795
36005024100,1202
36005024300,1237
36005024400,1813
36005024501,1019
36005024502,1219
36005024600,1726
36005024700,1468
36005024800,1605
36005024900,-
36005025000,1632
36005025100,1217
36005025200,1917
36005025300,1195
36005025400,1450
36005025500,1461
36005025600,1534
36005025700,1492
36005026100,1685
36005026300,1397
36005026400,1777
36005026500,1529
36005026601,1626
36005026602,1708
36005026701,1342
36005026702,1495
36005026900,1097
36005027300,1306
36005027401,2101
36005027402,1916
36005027600,-
36005027700,1211
36005027900,1704
36005028100,1409
36005028300,-
36005028400,-
36005028500,1512
36005028600,1926
36005028700,1452
36005028800,1672
36005028900,1655
36005029301,1691
36005029302,2654
36005029500,1919
36005029600,1580
36005029700,2032
36005030000,1908
36005030100,1297
36005030201,1332
36005030202,1190
36005030701,2428
36005030900,2067
36005031000,2188
36005031200,1928
36005031400,1760
36005031600,1616
36005031800,1980
36005031900,-
36005032300,1311
36005032400,619
36005032600,2184
36005032800,1260
36005033000,1228
36005033201,1504
36005033202,1457
36005033400,-
36005033500,1842
36005033601,864
36005033602,1210
36005033700,2307
36005033801,1225
36005033802,1543
36005034000,1415
36005034200,1864
36005034300,1593
36005034400,1791
36005034500,1590
36005034800,448
36005035000,1775
36005035100,1663
36005035600,1740
36005035800,1678
36005035900,1115
36005036000,1670
36005036100,575
36005036300,1258
36005036400,1674
36005036501,1217
36005036502,1096
36005036700,1538
36005036800,1668
36005036901,1106
36005036902,870
36005037000,1524
36005037100,1107
36005037200,1678
36005037300,1128
36005037400,1089
36005037504,1114
36005037600,1245
36005037800,1217
36005037900,1436
36005038000,1253
36005038100,1299
36005038200,1530
36005038301,1395
36005038303,1308
36005038304,859
36005038500,1157
36005038600,1511
36005038700,1550
36005038800,1634
36005038900,1544
36005039000,1592
36005039100,1128
36005039200,1426
36005039300,1540
36005039400,1236
36005039500,977
36005039600,1318
36005039700,941
36005039800,1147
36005039901,1282
36005039902,1273
36005040100,1436
36005040302,1577
36005040303,1368
36005040304,1558
36005040400,1682
36005040501,1362
36005040502,1460
36005040600,1647
36005040701,1378
36005040702,1178
36005040800,1310
36005040900,1686
36005041100,1445
36005041300,1604
36005041400,1705
36005041500,1598
36005041800,1558
36005041900,1441
36005042000,1315
36005042100,1290
36005042200,1678
36005042300,1355
36005042400,1237
36005042500,1502
36005042600,1800
36005042800,1574
36005042901,1556
36005042902,1390
36005043000,1661
36005043101,1388
36005043102,1416
36005043400,1600
36005043501,1307
36005043502,-
36005043503,-
36005043600,1565
36005044200,1123
36005044400,1378
36005044800,1247
36005044901,1472
36005044902,1770
36005045101,1507
36005045102,2070
36005045600,1746
36005045800,608
36005046000,1088
36005046203,1050
36005046204,1493
36005046205,1624
36005046206,1137
36005046207,1354
36005046208,1933
36005046209,769
36005048401,1680
36005048402,-
36005050400,-
36005051601,1795
36005051602,-
36007000100,750
36007000200,774
36007000300,788
36007000400,728
36007000500,678
36007000600,715
36007000700,961
36007000900,780
36007001100,567
36007001200,590
36007001300,899
36007001401,1244
36007001402,744
36007001500,1140
36007001600,775
36007001700,742
36007001800,640
36007010200,776
36007011901,717
36007011902,497
36007011903,453
36007012000,598
36007012101,746
36007012102,942
36007012103,796
36007012201,1030
36007012202,734
36007012300,1046
36007012400,767
36007012501,674
36007012502,624
36007012600,735
36007012701,694
36007012702,1331
36007012800,811
36007012900,2318
36007013000,753
36007013100,690
36007013201,854
36007013202,752
36007013301,875
36007013303,860
36007013304,1038
36007013400,768
36007013500,719
36007013600,705
36007013700,759
36007013800,745
36007013900,848
36007014000,780
36007014100,878
36007014200,1195
36007014301,1163
36007014302,1145
36007014400,939
36007014500,-
36007014600,1665
36009940000,-
36009940200,-
36009940301,499
36009940302,582
36009960100,555
36009960200,674
36009960300,568
36009960400,653
36009960500,560
36009960600,582
36009960703,633
36009960704,677
36009960800,557
36009961000,549
36009961100,641
36009961200,698
36009961301,492
36009961302,528
36009961400,574
36009961500,931
36009961600,779
36009961700,623
36009961800,554
36009962200,824
36011040101,746
36011040102,604
36011040201,533
36011040202,618
36011040300,707
36011040400,915
36011040500,650
36011040600,978
36011040700,2109
36011040800,755
36011040900,783
36011041001,943
36011041002,1005
36011041101,1623
36011041102,665
36011041201,865
36011041202,670
36011041300,766
36011041400,788
36011041500,777
36011041600,1009
36011041700,692
36011041800,823
36011042100,673
36011990200,-
36013030100,588
36013030200,672
36013030300,603
36013030400,706
36013030500,534
36013030600,524
36013030700,686
36013030800,710
36013035100,817
36013035300,636
36013035400,606
36013035500,508
36013035600,600
36013035700,732
36013035800,744
36013035901,866
36013035902,731
36013036000,766
36013036100,500
36013036300,618
36013036401,545
36013036402,624
36013036500,559
36013036600,532
36013036700,570
36013036801,798
36013036802,677
36013036901,650
36013036902,671
36013037000,623
36013037100,976
36013037200,832
36013037300,543
36013037400,607
36013037500,623
36013037600,713
36013990000,-
36015000100,805
36015000200,818
36015000300,-
36015000400,578
36015000500,860
36015000600,850
36015000700,618
36015000900,689
36015001000,697
36015001100,825
36015010100,600
36015010200,648
36015010301,1432
36015010302,943
36015010400,1225
36015010500,978
36015010600,916
36015010701,1063
36015010702,1045
36015010800,814
36015010900,1145
36015011000,791
36015011101,945
36015011102,955
36015011200,826
36017970101,689
36017970102,685
36017970201,630
36017970202,688
36017970300,836
36017970400,717
36017970501,538
36017970502,651
36017970601,819
36017970602,656
36017970700,672
36017970801,696
36017970802,670
36017970901,673
36017970902,540
36017971000,691
36019100101,863
36019100102,675
36019100200,1028
36019100600,791
36019100700,944
36019100800,788
36019100901,962
36019100902,1016
36019101000,1071
36019101600,686
36019101901,743
36019101902,-
36019102100,990
36019102200,680
36019102800,842
36019103000,-
36019103100,894
36019103200,1228
36019103512,609
36019103800,731
36019103900,777
36019104200,681
36021000100,936
36021000200,1363
36021000300,1125
36021000401,875
36021000402,980
36021000500,889
36021000600,994
36021000700,899
36021000800,1125
36021000900,999
36021001000,954
36021001100,1440
36021001200,1045
36021001300,1265
36021001400,964
36021001500,885
36021001600,993
36021001700,829
36021001800,789
36021001900,1188
36021002000,-
36023970100,657
36023970201,814
36023970202,932
36023970300,988
36023970400,603
36023970500,866
36023970600,827
36023970700,794
36023970800,-
36023970900,873
36023971000,799
36023971100,751
36023971200,902
36025970101,700
36025970102,852
36025970200,634
36025970300,599
36025970401,630
36025970402,660
36025970501,432
36025970502,644
36025970601,726
36025970602,665
36025970700,719
36025970800,855
36025970900,-
36025971000,655
36025971100,649
36025971200,863
36025971300,923
36025971400,668
36027010000,1221
36027020003,-
36027020004,-
36027020005,1537
36027030000,2153
36027040001,943
36027040003,1196
36027050102,-
36027050103,-
36027050104,1785
36027050203,1328
36027050204,1536
36027050205,1789
36027060100,1865
36027060201,1530
36027060202,1532
36027060301,2012
36027060302,1317
36027060400,2162
36027070101,1408
36027070102,1238
36027070201,899
36027070301,975
36027070401,1463
36027080103,-
36027080104,2127
36027080201,1076
36027080202,1096
36027090000,1231
36027100000,1105
36027110003,2159
36027110004,1133
36027110005,1396
36027120000,1504
36027130003,1871
36027130004,1318
36027130005,1527
36027140101,1366
36027140201,2078
36027140202,1569
36027140301,1699
36027140302,1528
36027140400,-
36027140500,1442
36027140602,1354
36027140700,1400
36027140801,1820
36027150003,1521
36027150004,1346
36027150005,2023
36027150006,1131
36027160003,1814
36027160004,1201
36027160005,1484
36027170000,1005
36027180001,1824
36027190101,1463
36027190102,1473
36027190203,1271
36027190204,1469
36027190301,1789
36027190401,1518
36027190402,1563
36027200001,1026
36027200002,1031
36027210101,1388
36027210201,1536
36027210301,2029
36027220101,1057
36027220102,-
36027220201,1545
36027220300,933
36027220700,1360
36027220801,1130
36027220901,1225
36027221001,1625
36027221100,1230
36027300000,1267
36027410000,1646
36027610000,-
36027640001,-
36027640002,-
36029000110,772
36029000200,634
36029000500,691
36029000600,845
36029000700,895
36029000800,960
36029000900,1273
36029001000,827
36029001100,683
36029001403,666
36029001404,321
36029001500,680
36029001601,501
36029001602,525
36029001700,608
36029001900,847
36029002300,611
36029002400,740
36029002502,243
36029002703,581
36029002704,1089
36029002801,650
36029002802,844
36029002900,1033
36029003000,828
36029003100,718
36029003301,842
36029003302,715
36029003400,826
36029003501,610
36029003502,650
36029003600,731
36029003700,838
36029003800,853
36029003901,718
36029004002,808
36029004003,692
36029004100,702
36029004200,955
36029004300,995
36029004401,833
36029004402,394
36029004500,1158
36029004601,1080
36029004701,1015
36029004702,1042
36029004800,1074
36029004901,1306
36029004902,1204
36029005000,896
36029005100,949
36029005201,966
36029005202,982
36029005300,834
36029005400,1119
36029005500,833
36029005600,903
36029005700,769
36029005801,784
36029005802,813
36029005900,726
36029006100,820
36029006301,1144
36029006302,1320
36029006501,1242
36029006601,923
36029006602,1040
36029006701,919
36029006702,939
36029006801,1098
36029006802,1054
36029006901,754
36029006903,1115
36029006904,1092
36029007000,699
36029007102,950
36029007103,854
36029007104,748
36029007202,500
36029007303,1063
36029007304,1632
36029007305,-
36029007306,967
36029007600,632
36029007700,868
36029007800,856
36029007901,1297
36029007902,1121
36029007903,1101
36029007904,1585
36029007905,1145
36029008001,977
36029008002,959
36029008003,782
36029008101,1108
36029008102,907
36029008201,1066
36029008202,820
36029008300,899
36029008400,766
36029008500,469
36029008600,950
36029008700,958
36029008800,957
36029008900,1005
36029009004,2352
36029009007,1699
36029009008,2574
36029009009,1633
36029009010,1787
36029009011,1628
36029009012,1423
36029009104,1428
36029009106,1560
36029009107,1247
36029009109,1314
36029009110,-
36029009112,1079
36029009113,-
36029009114,1380
36029009115,1349
36029009116,1197
36029009200,1100
36029009301,-
36029009302,987
36029009401,1126
36029009402,1241
36029009501,825
36029009503,1013
36029009504,895
36029009601,1841
36029009602,1549
36029009701,1163
36029009702,1177
36029009800,775
36029009900,931
36029010001,856
36029010002,700
36029010003,861
36029010101,810
36029010102,775
36029010103,842
36029010201,881
36029010202,950
36029010300,771
36029010400,883
36029010500,545
36029010600,763
36029010700,797
36029010803,408
36029010804,1034
36029010805,978
36029010807,1067
36029010808,1138
36029010809,891
36029010901,1053
36029010902,999
36029011000,830
36029011100,912
36029011201,1093
36029011202,974
36029011300,851
36029011400,861
36029011500,850
36029011600,1123
36029011700,979
36029011800,918
36029012001,859
36029012002,1383
36029012003,-
36029012300,699
36029012400,763
36029012501,855
36029012502,937
36029012800,668
36029012902,1146
36029012903,1097
36029012904,909
36029013001,936
36029013002,1277
36029013101,1097
36029013103,-
36029013104,-
36029013201,1120
36029013202,897
36029013300,808
36029013400,1009
36029013501,1178
36029013502,-
36029013600,1146
36029013701,1147
36029013702,1197
36029013801,779
36029013802,1130
36029013900,964
36029014000,1302
36029014101,-
36029014102,1071
36029014204,1425
36029014206,-
36029014207,944
36029014208,1896
36029014209,-
36029014300,850
36029014400,751
36029014501,1083
36029014502,778
36029014601,1573
36029014603,1532
36029014605,1452
36029014606,971
36029014701,592
36029014703,1674
36029014704,823
36029014801,630
36029014804,807
36029014805,834
36029014901,782
36029014903,786
36029015001,932
36029015002,775
36029015003,621
36029015101,798
36029015102,585
36029015201,1098
36029015202,1331
36029015301,721
36029015302,1089
36029015401,811
36029015402,734
36029015501,696
36029015503,1155
36029015504,-
36029015600,773
36029015700,658
36029015800,-
36029015900,684
36029016200,763
36029016300,767
36029016400,775
36029016500,1408
36029016600,718
36029016700,774
36029016801,779
36029016802,715
36029016900,1023
36029017000,900
36029017100,922
36029017200,665
36029017301,906
36029017302,1033
36029017400,480
36029017501,545
36029017502,755
36029940000,644
36029940100,-
36029980000,-
36029980300,-
36029980400,-
36029980500,-
36029990000,-
36031960100,1060
36031960200,939
36031960300,809
36031960401,881
36031960402,945
36031960501,986
36031960502,959
36031960700,696
36031960800,625
36031960901,654
36031960902,846
36031961001,-
36031961002,677
36031961100,1625
36031961201,705
36031961202,772
36031961300,376
36031961400,639
36033940000,717
36033950200,681
36033950301,670
36033950501,612
36033950502,840
36033950601,1048
36033950701,537
36033950800,874
36033950900,669
36033951000,762
36033951100,618
36033951200,801
36033951300,670
36033951400,814
36033952000,603
36035970100,668
36035970200,694
36035970300,782
36035970400,533
36035970500,679
36035970601,-
36035970602,726
36035970700,583
36035970800,660
36035970900,706
36035971000,805
36035971100,761
36035971200,781
36035971300,691
36035971400,743
36035971501,788
36035971502,727
36037940100,-
36037950100,691
36037950200,702
36037950301,866
36037950302,675
36037950401,986
36037950402,761
36037950501,654
36037950502,737
36037950600,709
36037950700,747
36037950800,942
36037950900,907
36037951000,710
36037951100,925
36037951200,728
36037951300,692
36037951400,807
36039080100,1016
36039080201,777
36039080202,-
36039080301,675
36039080302,553
36039080402,678
36039080403,517
36039080404,899
36039080501,952
36039080502,978
36039080600,920
36039080700,698
36039080800,-
36039080900,979
36039081001,834
36039081002,896
36039081101,898
36039081102,957
36041950100,693
36041950300,663
36041950400,744
36041950500,787
36043010100,546
36043010201,829
36043010202,763
36043010300,588
36043010400,625
36043010501,664
36043010502,1469
36043010701,505
36043010702,714
36043010900,654
36043011001,632
36043011002,605
36043011100,536
36043011200,739
36043011301,824
36043011302,833
36043011400,644
36043011502,783
36043011503,663
36043011504,623
36045060101,1076
36045060102,609
36045060201,1087
36045060202,825
36045060203,765
36045060301,-
36045060302,346
36045060401,472
36045060402,1130
36045060500,1060
36045060601,959
36045060602,1207
36045060700,815
36045060803,1485
36045060805,1681
36045060806,1789
36045060901,817
36045060902,834
36045061000,825
36045061101,955
36045061102,833
36045061200,696
36045061300,692
36045061400,728
36045061500,933
36045061600,1554
36045061700,751
36045061801,698
36045061802,733
36045061900,1021
36045062100,877
36045062200,885
36045062400,919
36045062500,825
36045980000,-
36045990001,-
36047000100,3118
36047000200,1705
36047000301,2424
36047000501,2820
36047000502,2424
36047000700,3268
36047000900,"3,500+"
36047001100,"3,500+"
36047001300,3433
36047001501,3051
36047001502,"3,500+"
36047001801,-
36047001802,-
36047001803,-
36047001804,-
36047002000,1707
36047002100,"3,500+"
36047002200,1207
36047002300,652
36047002901,574
36047003000,1725
36047003101,"3,500+"
36047003102,-
36047003300,3088
36047003400,1643
36047003500,2859
36047003600,1648
36047003700,"3,500+"
36047003800,1948
36047003900,2667
36047004100,3204
36047004300,3046
36047004400,1759
36047004500,3406
36047004600,1469
36047004700,2035
36047004900,2837
36047005000,1860
36047005100,2898
36047005201,-
36047005202,1997
36047005301,2169
36047005302,2550
36047005303,-
36047005400,1842
36047005601,1625
36047005602,1524
36047005800,1741
36047005900,2288
36047006000,1885
36047006200,1793
36047006300,3068
36047006400,1635
36047006500,3044
36047006600,1726
36047006700,2978
36047006800,1549
36047006901,"3,500+"
36047006902,3338
36047007000,1584
36047007100,1133
36047007200,1608
36047007400,1457
36047007500,3072
36047007600,1682
36047007700,3088
36047007800,1631
36047008000,1581
36047008200,1562
36047008400,1343
36047008500,539
36047008600,-
36047008800,1703
36047009001,1533
36047009002,1458
36047009201,1767
36047009202,1522
36047009401,1304
36047009402,1701
36047009600,1736
36047009800,1665
36047010000,1760
36047010100,2205
36047010200,1868
36047010401,1328
36047010402,1525
36047010601,1425
36047010602,1175
36047010801,1596
36047010802,1447
36047011000,1619
36047011200,1394
36047011400,1673
36047011600,1690
36047011700,2300
36047011800,1696
36047011901,2486
36047011902,-
36047012000,1564
36047012100,2883
36047012200,1833
36047012600,1820
36047012700,1454
36047012801,1679
36047012901,3346
36047012902,3167
36047013000,1722
36047013100,2589
36047013200,2153
36047013300,2974
36047013400,1817
36047013500,3143
36047013600,1901
36047013700,2861
36047013800,1869
36047013900,2444
36047014000,1559
36047014101,2931
36047014102,2401
36047014200,1790
36047014300,2423
36047014500,2259
36047014700,2410
36047014800,2054
36047014901,3013
36047014902,2400
36047015000,1791
36047015100,2995
36047015200,1875
36047015300,2649
36047015400,-
36047015500,3081
36047015700,3136
36047015900,2835
36047016000,1748
36047016100,2545
36047016200,1631
36047016300,3286
36047016400,"3,500+"
36047016500,3290
36047016600,1920
36047016700,2616
36047016800,1908
36047016900,2313
36047017000,1903
36047017100,2452
36047017200,1491
36047017400,2121
36047017500,-
36047017600,1705
36047017700,-
36047017800,1710
36047017900,1455
36047018000,1465
36047018100,2720
36047018200,1781
36047018300,2854
36047018400,1740
36047018501,1063
36047018600,1576
36047018700,"3,500+"
36047018800,1781
36047019000,1339
36047019100,2876
36047019200,1469
36047019300,2337
36047019400,1435
36047019500,2197
36047019600,1703
36047019700,2388
36047019800,2017
36047019900,2758
36047020000,2229
36047020100,2973
36047020200,1570
36047020300,2699
36047020400,1747
36047020500,2912
36047020600,1574
36047020700,2533
36047020800,1369
36047021000,1593
36047021100,1518
36047021200,1365
36047021300,1637
36047021400,1697
36047021500,1708
36047021600,1755
36047021700,1805
36047021800,1607
36047021900,1971
36047022000,1440
36047022100,2156
36047022200,1614
36047022400,1672
36047022600,1799
36047022700,2628
36047022800,1496
36047022900,2630
36047023000,1397
36047023100,1989
36047023200,1279
36047023300,2391
36047023400,1511
36047023500,2469
36047023600,1697
36047023800,1618
36047024000,1689
36047024100,2521
36047024200,1918
36047024300,2058
36047024400,1406
36047024500,2204
36047024600,1612
36047024700,2123
36047024800,1767
36047024900,2070
36047025000,1322
36047025100,1553
36047025200,1543
36047025300,2311
36047025400,1800
36047025500,617
36047025600,1819
36047025700,1873
36047025800,1655
36047025901,1894
36047025902,464
36047026000,1455
36047026100,2275
36047026200,1403
36047026300,1640
36047026400,1489
36047026500,1890
36047026600,1739
36047026700,2249
36047026800,1657
36047026900,2355
36047027000,1670
36047027100,2176
36047027200,1676
36047027300,1873
36047027400,1572
36047027500,1626
36047027600,1674
36047027700,1675
36047027800,1441
36047027900,2270
36047028000,1816
36047028100,1730
36047028200,1879
36047028300,1517
36047028400,1444
36047028501,1590
36047028502,483
36047028600,1657
36047028700,1658
36047028800,1611
36047028900,1585
36047029000,1636
36047029100,1520
36047029200,1559
36047029300,1126
36047029400,1738
36047029500,2563
36047029600,1641
36047029700,2015
36047029800,1647
36047029900,1890
36047030000,1646
36047030100,1744
36047030200,1563
36047030300,983
36047030400,1803
36047030500,2461
36047030600,2020
36047030700,993
36047030800,1152
36047030900,1678
36047031100,2076
36047031300,1229
36047031401,1526
36047031402,-
36047031500,2220
36047031701,1940
36047031702,1979
36047031900,1373
36047032100,1657
36047032300,1435
36047032500,1602
36047032600,824
36047032700,1413
36047032800,1046
36047032900,1547
36047033000,526
36047033100,1544
36047033300,1883
36047033500,1895
36047033600,1508
36047033701,1726
36047033702,1352
36047033900,1485
36047034000,549
36047034100,1967
36047034200,639
36047034300,1005
36047034500,1843
36047034700,1152
36047034800,1983
36047034901,1413
36047034902,1239
36047035000,1317
36047035101,1317
36047035102,1194
36047035200,458
36047035301,1755
36047035302,1720
36047035400,1119
36047035500,1623
36047035601,984
36047035602,1669
36047035701,1228
36047035702,-
36047035900,1197
36047036001,1457
36047036002,1297
36047036100,795
36047036200,1656
36047036300,1144
36047036400,1787
36047036501,1125
36047036502,1468
36047036600,1609
36047036700,1776
36047036900,1506
36047037000,1665
36047037100,1786
36047037300,1217
36047037401,1422
36047037402,1535
36047037500,1981
36047037700,1758
36047037900,1741
36047038100,1624
36047038200,534
36047038300,2070
36047038500,1992
36047038600,1640
36047038700,2771
36047038800,1874
36047038900,2309
36047039000,1785
36047039100,2571
36047039200,1616
36047039300,2331
36047039400,1800
36047039500,2275
36047039600,1713
36047039700,2088
36047039800,1758
36047039900,1619
36047040000,1411
36047040100,1854
36047040200,1461
36047040300,2606
36047040400,1601
36047040500,1797
36047040600,1697
36047040700,-
36047040800,1731
36047040900,2138
36047041000,1433
36047041100,1885
36047041200,1583
36047041300,1982
36047041401,1752
36047041402,1305
36047041500,2066
36047041600,1503
36047041700,911
36047041800,1079
36047041900,1510
36047042000,1818
36047042100,1939
36047042200,1969
36047042300,3124
36047042400,1624
36047042500,2108
36047042600,1547
36047042700,2246
36047042800,1391
36047042900,1872
36047043000,1518
36047043100,2323
36047043200,1415
36047043300,1646
36047043400,1613
36047043500,2219
36047043600,1621
36047043700,1772
36047043800,1796
36047043900,1904
36047044000,1658
36047044100,1853
36047044200,1455
36047044300,2334
36047044400,1910
36047044500,1936
36047044600,1825
36047044700,1817
36047044800,1738
36047044901,1006
36047044902,-
36047045000,"3,500+"
36047045200,2410
36047045300,2119
36047045400,1794
36047045600,1651
36047045800,837
36047046000,1764
36047046201,1411
36047046202,1803
36047046400,1644
36047046800,-
36047047000,1996
36047047200,1770
36047047400,1719
36047047600,1529
36047047700,3484
36047047800,1887
36047048000,1494
36047048100,2427
36047048200,1572
36047048400,1788
36047048500,3068
36047048600,2002
36047048800,2025
36047048900,545
36047049000,1834
36047049100,1128
36047049200,1697
36047049301,441
36047049302,2007
36047049400,1746
36047049500,2793
36047049600,1763
36047049700,2512
36047049800,1688
36047049900,3026
36047050001,1770
36047050002,2411
36047050100,2310
36047050202,2145
36047050300,2740
36047050401,2192
36047050402,1765
36047050500,1326
36047050600,1853
36047050700,1691
36047050801,1646
36047050803,1779
36047050804,1976
36047050900,2091
36047051001,1559
36047051002,1590
36047051100,1764
36047051200,1515
36047051300,2841
36047051400,1647
36047051500,"3,500+"
36047051601,1468
36047051602,1705
36047051700,"3,500+"
36047051800,1846
36047051900,"3,500+"
36047052000,1545
36047052300,1894
36047052500,2021
36047052600,2044
36047052700,1653
36047052800,1754
36047052900,1448
36047053000,1625
36047053101,1724
36047053102,2400
36047053200,1744
36047053300,1189
36047053400,1503
36047053500,1643
36047053700,1213
36047053800,1767
36047053900,1264
36047054200,1527
36047054300,-
36047054400,1691
36047054500,518
36047054600,1692
36047054700,2789
36047054800,1965
36047054900,3225
36047055000,1650
36047055100,3254
36047055200,1438
36047055300,2817
36047055400,1661
36047055500,"3,500+"
36047055600,1760
36047055700,"3,500+"
36047055800,1400
36047056000,1758
36047056100,2713
36047056200,3170
36047056301,2741
36047056302,2270
36047056400,1490
36047056500,2672
36047056600,1707
36047056800,1325
36047056900,2678
36047057000,2574
36047057100,2222
36047057200,817
36047057300,2593
36047057400,1543
36047057500,2465
36047057600,2181
36047057800,1665
36047057901,2521
36047057902,-
36047058000,1515
36047058200,1424
36047058400,1827
36047058600,1750
36047058800,1499
36047058901,2318
36047058902,-
36047059000,1807
36047059100,2574
36047059200,1519
36047059300,1967
36047059402,1529
36047059403,1512
36047059404,1538
36047059600,1298
36047059800,1691
36047060000,1695
36047060600,1959
36047060800,1663
36047061002,1754
36047061003,1628
36047061004,1530
36047061200,2038
36047061600,1218
36047062000,1707
36047062200,1853
36047062600,1723
36047062800,1220
36047063200,1056
36047063600,-
36047063800,1569
36047064000,2114
36047064200,1604
36047064400,1832
36047064600,1401
36047064800,2167
36047065000,1494
36047065200,1773
36047065400,1813
36047065600,2156
36047065800,1457
36047066000,"3,500+"
36047066200,1678
36047066600,-
36047067000,1951
36047067200,1767
36047067400,1802
36047067600,1767
36047067800,1700
36047068000,1480
36047068200,2393
36047068600,1716
36047068800,-
36047069000,1503
36047069200,1806
36047069601,2170
36047069602,1704
36047069800,2113
36047070000,1396
36047070201,2273
36047070202,-
36047070203,-
36047070601,1902
36047070602,-
36047072000,1839
36047072200,1703
36047072400,1396
36047072600,1875
36047072800,1903
36047073000,1778
36047073200,1538
36047073400,1193
36047073600,1441
36047073800,1594
36047074000,1750
36047074200,1676
36047074400,1148
36047074600,1340
36047074800,1367
36047075000,1902
36047075200,3063
36047075400,-
36047075600,1458
36047075800,1155
36047076000,1369
36047076200,1403
36047076400,1625
36047076600,1758
36047076800,1799
36047077000,1688
36047077200,1545
36047077400,1565
36047077600,1656
36047078000,2080
36047078200,1706
36047078400,2003
36047078601,1697
36047078602,1713
36047078801,1626
36047078802,1608
36047079001,1373
36047079002,1536
36047079201,1659
36047079202,1989
36047079400,1996
36047079601,1609
36047079602,1526
36047079801,1905
36047079802,1806
36047080000,1248
36047080200,1594
36047080400,1702
36047080600,1674
36047080800,985
36047081000,1728
36047081400,1438
36047081600,1230
36047081800,1888
36047082000,1668
36047082200,1652
36047082400,1571
36047082600,1471
36047082800,1687
36047083000,1624
36047083200,1685
36047083400,2126
36047083600,1578
36047083800,1145
36047084000,1302
36047084600,1211
36047084800,1660
36047085000,2652
36047085200,-
36047085400,1264
36047085600,1640
36047085800,1519
36047086000,1573
36047086200,1492
36047086400,1387
36047086600,1475
36047086800,1264
36047087000,1513
36047087200,1684
36047087401,1143
36047087600,1706
36047087800,1363
36047088001,1049
36047088002,2301
36047088200,1678
36047088400,1745
36047088600,1474
36047088800,1296
36047089000,1467
36047089200,1154
36047089400,1673
36047089600,1352
36047089800,1064
36047090000,1097
36047090200,388
36047090600,646
36047090800,771
36047091000,643
36047091200,819
36047091600,882
36047091800,553
36047092000,1470
36047092200,1440
36047092400,1238
36047092800,1422
36047093000,1604
36047093200,-
36047093400,1414
36047093600,1403
36047093800,1590
36047094401,1884
36047094402,635
36047094600,1919
36047095000,1711
36047095400,1777
36047095600,1628
36047095800,1847
36047096000,-
36047096200,2417
36047096400,1755
36047096600,1491
36047096800,1486
36047097000,1175
36047097400,1622
36047098200,699
36047098400,1652
36047098600,1748
36047098800,1650
36047099000,1884
36047099200,1651
36047099400,1761
36047099600,1552
36047099800,1593
36047100400,1731
36047100600,1881
36047100800,1788
36047101000,1121
36047101200,1647
36047101400,1838
36047101600,1572
36047101800,1301
36047102000,1586
36047102200,1607
36047102400,1961
36047102600,1921
36047102801,1512
36047102802,-
36047103401,466
36047103402,-
36047105801,650
36047105804,929
36047107001,1167
36047107002,-
36047107003,-
36047107800,2019
36047109800,1823
36047110400,1564
36047110600,844
36047111000,953
36047111600,1642
36047111800,1828
36047112000,1135
36047112200,1571
36047112400,1323
36047112600,1403
36047112800,1445
36047113000,1635
36047113200,1079
36047113400,539
36047114201,1618
36047114202,1448
36047114400,1712
36047114600,1821
36047115000,1631
36047115200,1664
36047115600,888
36047115800,1285
36047116000,1068
36047116200,1884
36047116400,1180
36047116600,1592
36047116800,1714
36047117000,2013
36047117201,1195
36047117202,1746
36047117400,2141
36047117601,1575
36047117602,1953
36047117800,1542
36047118000,-
36047118201,1849
36047118202,2043
36047118400,1716
36047118600,1553
36047118800,1447
36047119000,1419
36047119200,1522
36047119400,1207
36047119600,1688
36047119800,1204
36047120000,1755
36047120200,1851
36047120801,1889
36047120802,1603
36047120803,1170
36047121000,378
36047121400,491
36047122000,1181
36047123700,2285
36047150200,2745
36047152200,2288
36047990100,-
36049950101,1002
36049950200,745
36049950301,638
36049950302,798
36049950401,624
36049950500,751
36049950601,610
36049950700,609
36049950800,806
36051030100,798
36051030201,818
36051030203,965
36051030204,813
36051030300,792
36051030400,953
36051030500,-
36051030600,808
36051030701,-
36051030702,783
36051030800,621
36051030900,622
36051031000,-
36051031101,813
36051031102,913
36051031200,585
36051031300,616
36051031400,596
36053030101,815
36053030102,619
36053030103,985
36053030200,954
36053030300,729
36053030401,604
36053030402,813
36053030403,758
36053030404,794
36053030501,1058
36053030502,1184
36053030601,815
36053030602,755
36053030701,705
36053030702,723
36053030800,528
36053030900,1065
36053031000,928
36053031100,673
36055000200,904
36055000700,822
36055001000,1045
36055001300,448
36055001600,743
36055001800,1066
36055001900,828
36055002000,760
36055002100,799
36055002200,901
36055002300,684
36055002400,813
36055002700,664
36055002900,1045
36055003000,952
36055003101,1370
36055003102,1133
36055003200,685
36055003300,-
36055003400,1093
36055003500,1256
36055003600,1260
36055003700,1126
36055003806,1233
36055003807,1340
36055003900,776
36055004000,762
36055004100,743
36055004602,622
36055004701,526
36055004702,1015
36055004800,877
36055004900,883
36055005000,772
36055005100,863
36055005200,800
36055005400,877
36055005500,814
36055005600,868
36055005700,971
36055005800,885
36055005900,960
36055006000,927
36055006100,1107
36055006200,1056
36055006300,990
36055006400,798
36055006500,837
36055006600,678
36055006700,938
36055006800,940
36055006900,654
36055007000,1411
36055007100,1073
36055007500,844
36055007600,1113
36055007700,887
36055007801,1406
36055007802,1126
36055007900,873
36055008000,1041
36055008100,1019
36055008200,743
36055008301,902
36055008400,943
36055008500,931
36055008600,866
36055008702,1055
36055008801,938
36055009200,477
36055009301,712
36055009302,1093
36055009401,959
36055009402,1193
36055009403,-
36055009404,1331
36055009500,912
36055009601,737
36055009602,714
36055009605,959
36055010100,1224
36055010200,875
36055010300,1462
36055010400,1039
36055010500,1149
36055010601,1135
36055010602,1153
36055010700,636
36055010800,1367
36055010901,907
36055010902,1044
36055011000,1155
36055011100,1165
36055011201,743
36055011203,2540
36055011205,1489
36055011207,1341
36055011209,1325
36055011210,2045
36055011302,-
36055011303,1131
36055011304,-
36055011401,813
36055011402,1020
36055011403,1402
36055011503,-
36055011504,-
36055011505,1505
36055011506,-
36055011507,1685
36055011601,1128
36055011603,929
36055011604,1708
36055011605,1078
36055011705,2047
36055011707,1682
36055011708,2103
36055011709,-
36055011710,1301
36055011711,1745
36055011712,1388
36055011800,1050
36055011901,941
36055011903,1115
36055011904,1116
36055012000,969
36055012100,946
36055012201,1144
36055012202,1344
36055012301,1667
36055012304,-
36055012305,-
36055012307,-
36055012308,-
36055012401,1158
36055012402,628
36055012500,1140
36055012600,1222
36055012700,1094
36055012800,1245
36055012900,1398
36055013003,-
36055013004,1396
36055013005,1172
36055013006,1219
36055013101,1124
36055013103,1159
36055013104,1141
36055013203,574
36055013205,1422
36055013206,1357
36055013207,1187
36055013208,1287
36055013300,771
36055013401,1016
36055013402,1214
36055013503,-
36055013505,1062
36055013507,1170
36055013508,1580
36055013509,1535
36055013510,1393
36055013511,1176
36055013601,1071
36055013603,-
36055013604,927
36055013701,1108
36055013702,1269
36055013800,1411
36055013901,1554
36055013902,922
36055014001,1020
36055014003,1068
36055014004,1119
36055014102,1075
36055014103,440
36055014104,1239
36055014202,1178
36055014204,1147
36055014205,1050
36055014206,990
36055014301,1158
36055014302,1610
36055014400,1087
36055014501,1116
36055014503,1227
36055014504,1299
36055014505,1549
36055014601,1114
36055014602,1259
36055014700,1002
36055014802,836
36055014803,1472
36055014805,1099
36055014806,1158
36055014901,1069
36055014903,1213
36055014905,1210
36055014906,1256
36055015000,775
36055015101,930
36055015102,684
36055015200,864
36055015301,1433
36055015303,1048
36055015304,927
36055015400,895
36055980000,-
36055980100,-
36055980200,-
36055990000,-
36057070200,694
36057070300,670
36057070400,813
36057070500,777
36057070600,828
36057070700,675
36057070800,680
36057070900,739
36057072100,848
36057072200,556
36057072300,516
36057072400,598
36057072500,598
36057072600,755
36057072700,677
36057072800,640
36059300100,"3,500+"
36059300300,1913
36059300400,-
36059300500,1951
36059300600,-
36059300700,2429
36059300800,1638
36059300901,3384
36059300902,"3,500+"
36059301000,"3,500+"
36059301101,2862
36059301102,2524
36059301200,1655
36059301300,1923
36059301400,2292
36059301500,"3,500+"
36059301600,1750
36059301700,-
36059301800,1575
36059301900,-
36059302000,1814
36059302101,-
36059302102,-
36059302200,3296
36059302300,-
36059302400,2703
36059302501,3133
36059302502,"3,500+"
36059302600,2120
36059302700,2339
36059302800,-
36059302900,-
36059303000,1948
36059303101,2760
36059303102,"3,500+"
36059303203,-
36059303204,1289
36059303301,2333
36059303302,1964
36059303400,-
36059303500,3034
36059303600,2192
36059303700,2442
36059303800,2198
36059303900,1383
36059304001,1855
36059304002,1571
36059304100,-
36059304202,2282
36059304203,2170
36059304204,1857
36059404300,1452
36059404400,2077
36059404500,1750
36059404600,"3,500+"
36059404700,1774
36059404800,1739
36059404901,-
36059404902,2335
36059405000,1774
36059405100,1290
36059405200,1991
36059405301,2132
36059405302,2021
36059405400,1887
36059405500,2144
36059405600,1850
36059405700,2041
36059405800,2226
36059405900,-
36059406001,2661
36059406002,"3,500+"
36059406100,2900
36059406201,2103
36059406202,2832
36059406300,-
36059406400,3261
36059406501,-
36059406600,"3,500+"
36059406701,1353
36059406702,1192
36059406801,1830
36059406802,1565
36059406900,1822
36059407000,727
36059407101,1053
36059407102,2557
36059407201,1473
36059407203,2089
36059407204,1822
36059407301,"3,500+"
36059407302,1974
36059407401,2086
36059407402,2478
36059407501,2043
36059407502,-
36059407600,2710
36059407700,-
36059407801,545
36059407802,1163
36059407900,3237
36059408000,2657
36059408100,2825
36059408200,2694
36059408300,2438
36059408400,-
36059408500,-
36059408600,-
36059408700,2280
36059408800,"3,500+"
36059408900,1805
36059409000,2698
36059409100,3146
36059409200,2627
36059409300,-
36059409400,2813
36059409500,2734
36059409600,-
36059409700,1091
36059409800,-
36059409900,2293
36059410000,-
36059410100,-
36059410200,2200
36059410300,1688
36059410400,2295
36059410500,1570
36059410600,1876
36059410700,2548
36059410800,1661
36059410900,1502
36059411000,1936
36059411100,1755
36059411200,1804
36059411301,2108
36059411302,-
36059411400,2379
36059411500,1786
36059411600,1800
36059411700,2047
36059411800,2127
36059411901,2022
36059411902,2228
36059412000,1975
36059412100,2327
36059412200,2477
36059412301,2138
36059412302,1785
36059412400,1601
36059412500,-
36059412600,-
36059412700,-
36059412800,2111
36059412900,-
36059413001,1754
36059413002,2283
36059413100,1753
36059413200,-
36059413300,-
36059413400,-
36059413500,1838
36059413600,1887
36059413700,-
36059413803,2491
36059413804,-
36059413900,2130
36059414001,-
36059414002,2014
36059414100,2724
36059414201,1892
36059414202,2054
36059414301,1796
36059414303,"3,500+"
36059414304,1193
36059414400,1794
36059414501,2576
36059414502,1918
36059414600,-
36059414700,2360
36059414800,2102
36059414900,2647
36059415000,2208
36059415101,-
36059415102,-
36059415201,"3,500+"
36059415202,-
36059415300,-
36059415401,3227
36059415402,2150
36059415500,3083
36059415600,2960
36059415700,-
36059415802,2330
36059416000,2538
36059416100,2362
36059416201,"3,500+"
36059416202,1965
36059416300,3032
36059416401,2875
36059416402,2620
36059416500,2314
36059416600,2328
36059416701,3251
36059416702,2103
36059416801,2302
36059416802,2278
36059416900,2343
36059517000,2028
36059517101,2292
36059517102,3200
36059517201,2738
36059517202,1841
36059517301,2583
36059517302,2254
36059517400,2135
36059517500,2347
36059517600,2220
36059517701,1791
36059517705,-
36059517801,"3,500+"
36059517802,1901
36059517901,1849
36059517902,2173
36059518000,2125
36059518100,-
36059518201,2611
36059518203,3282
36059518204,"3,500+"
36059518300,-
36059518400,-
36059518501,"3,500+"
36059518502,2360
36059518600,-
36059518700,"3,500+"
36059518800,-
36059518900,2636
36059519000,"3,500+"
36059519100,"3,500+"
36059519200,"3,500+"
36059519300,2264
36059519400,3269
36059519500,2819
36059519601,"3,500+"
36059519602,3198
36059519702,"3,500+"
36059519703,-
36059519704,517
36059519801,-
36059519802,2957
36059519900,2729
36059520001,1875
36059520002,1810
36059520100,-
36059520200,2375
36059520300,3431
36059520401,2354
36059520402,2284
36059520501,1929
36059520502,-
36059520600,2250
36059520700,2298
36059520800,-
36059520900,2625
36059521000,1933
36059521100,2583
36059521200,1920
36059521301,-
36059521302,3130
36059521400,-
36059521500,-
36059521601,-
36059521602,-
36059521700,-
36059521801,-
36059521802,2659
36059521902,-
36059522000,1150
36059522700,1794
36059980100,-
36059981100,-
36059982100,-
36059990100,-
36059990200,-
36059990301,-
36059990302,-
36059990400,-
36061000100,-
36061000201,1039
36061000202,544
36061000500,-
36061000600,917
36061000700,"3,500+"
36061000800,1156
36061000900,"3,500+"
36061001001,1240
36061001002,558
36061001200,1159
36061001300,"3,500+"
36061001401,1303
36061001402,1807
36061001501,3499
36061001502,"3,500+"
36061001600,1188
36061001800,1780
36061002000,685
36061002100,"3,500+"
36061002201,1211
36061002202,3119
36061002400,583
36061002500,483
36061002601,880
36061002602,3308
36061002700,1729
36061002800,1117
36061002901,276
36061002902,1233
36061003001,2275
36061003002,1968
36061003100,"3,500+"
36061003200,2148
36061003300,"3,500+"
36061003400,2292
36061003601,1674
36061003602,2683
36061003700,"3,500+"
36061003800,2296
36061003900,2254
36061004001,2795
36061004002,"3,500+"
36061004100,1705
36061004200,3289
36061004300,3097
36061004400,3131
36061004500,3023
36061004700,"3,500+"
36061004800,2419
36061004900,2970
36061005000,3280
36061005200,3500
36061005400,3002
36061005501,2596
36061005502,2390
36061005600,2558
36061005700,"3,500+"
36061005800,"3,500+"
36061005900,2163
36061006000,"3,500+"
36061006100,"3,500+"
36061006200,3349
36061006300,"3,500+"
36061006400,2820
36061006500,2749
36061006600,2299
36061006700,2733
36061006800,2937
36061006900,"3,500+"
36061007001,3432
36061007002,3238
36061007100,3283
36061007200,3240
36061007300,2676
36061007400,"3,500+"
36061007500,2678
36061007600,3275
36061007700,"3,500+"
36061007800,"3,500+"
36061007900,"3,500+"
36061008000,3202
36061008100,3064
36061008200,"3,500+"
36061008300,1426
36061008400,"3,500+"
36061008601,"3,500+"
36061008602,-
36061008603,3435
36061008700,2952
36061008800,2858
36061008900,2147
36061009000,3021
36061009100,3325
36061009200,"3,500+"
36061009300,2001
36061009400,2708
36061009500,"3,500+"
36061009600,3386
36061009700,1213
36061009800,2497
36061009901,"3,500+"
36061009902,"3,500+"
36061009903,"3,500+"
36061010000,2502
36061010100,"3,500+"
36061010200,"3,500+"
36061010300,"3,500+"
36061010400,2656
36061010601,2523
36061010602,"3,500+"
36061010801,3141
36061010802,3055
36061010803,3221
36061010900,3177
36061011000,2647
36061011100,2980
36061011201,"3,500+"
36061011202,"3,500+"
36061011203,"3,500+"
36061011300,2250
36061011401,"3,500+"
36061011402,3304
36061011500,3172
36061011600,1845
36061011700,"3,500+"
36061011800,2791
36061011900,337
36061012000,2769
36061012101,1559
36061012102,1740
36061012200,3208
36061012400,2940
36061012500,"3,500+"
36061012601,2719
36061012602,"3,500+"
36061012700,2333
36061012800,2587
36061012901,2688
36061012902,2300
36061013000,2768
36061013100,2913
36061013201,2563
36061013202,3101
36061013203,2285
36061013300,2970
36061013400,2444
36061013501,2775
36061013502,2507
36061013601,"3,500+"
36061013602,3230
36061013603,2972
36061013604,2384
36061013700,"3,500+"
36061013800,2470
36061013900,2339
36061014000,2763
36061014200,"3,500+"
36061014300,-
36061014401,2859
36061014402,2469
36061014500,"3,500+"
36061014601,2561
36061014602,2485
36061014700,"3,500+"
36061014801,2782
36061014802,3119
36061014900,"3,500+"
36061015001,3328
36061015002,"3,500+"
36061015101,796
36061015102,"3,500+"
36061015200,2120
36061015301,3144
36061015302,"3,500+"
36061015401,2149
36061015402,2552
36061015403,-
36061015501,"3,500+"
36061015502,3441
36061015601,2954
36061015602,2226
36061015700,2883
36061015801,2486
36061015802,3391
36061015900,2487
36061016001,2951
36061016002,1878
36061016100,3139
36061016200,874
36061016300,2408
36061016400,941
36061016500,2483
36061016600,1202
36061016700,2857
36061016800,743
36061016900,2996
36061017000,1339
36061017100,2957
36061017200,1205
36061017300,2872
36061017401,989
36061017402,2514
36061017500,2700
36061017700,2271
36061017800,1938
36061017900,2360
36061018000,1055
36061018100,1668
36061018200,1424
36061018300,2928
36061018400,1117
36061018500,3220
36061018600,874
36061018700,2434
36061018800,1270
36061018900,1212
36061019000,1103
36061019100,1951
36061019200,587
36061019300,1357
36061019400,1315
36061019500,1826
36061019600,625
36061019701,"3,500+"
36061019702,2698
36061019800,2173
36061019900,1954
36061020000,1555
36061020101,3167
36061020102,1956
36061020300,2442
36061020500,2694
36061020600,1536
36061020701,2253
36061020800,1409
36061020901,827
36061021000,1375
36061021100,1480
36061021200,1892
36061021303,1501
36061021400,1478
36061021500,1528
36061021600,1353
36061021703,-
36061021800,1283
36061021900,680
36061022000,1993
36061022102,1644
36061022200,2055
36061022301,1473
36061022302,1536
36061022400,973
36061022500,1407
36061022600,1740
36061022700,1645
36061022800,1197
36061022900,1439
36061023000,1153
36061023100,1730
36061023200,1060
36061023300,2083
36061023400,1462
36061023501,1568
36061023502,1245
36061023600,1088
36061023700,1745
36061023802,3422
36061023803,2451
36061023804,3466
36061023900,1546
36061024000,-
36061024100,1264
36061024200,905
36061024301,1542
36061024302,718
36061024500,1397
36061024700,1307
36061024900,1849
36061025100,1117
36061025300,1697
36061025500,1452
36061025700,2244
36061025900,1160
36061026100,1170
36061026300,1679
36061026500,1661
36061026700,1518
36061026900,1195
36061027100,1654
36061027300,2257
36061027500,2001
36061027700,1280
36061027900,1597
36061028100,2290
36061028300,1472
36061028500,1280
36061028700,1823
36061029100,1219
36061029300,1409
36061029500,1617
36061029700,-
36061029900,907
36061030300,1878
36061030700,1875
36061030900,1243
36061031100,-
36061031703,"3,500+"
36061031704,"3,500+"
36061031900,-
36063020100,1586
36063020200,732
36063020300,690
36063020400,-
36063020500,538
36063020600,629
36063020700,756
36063020900,518
36063021000,757
36063021100,790
36063021200,525
36063021300,625
36063021400,604
36063021700,676
36063022000,915
36063022100,819
36063022200,642
36063022300,1158
36063022401,546
36063022500,720
36063022601,762
36063022602,955
36063022702,884
36063022713,787
36063022714,697
36063022715,1133
36063022716,1375
36063022717,1393
36063022803,-
36063022804,903
36063022901,765
36063022902,914
36063023001,793
36063023100,666
36063023200,842
36063023301,900
36063023302,804
36063023401,-
36063023402,1064
36063023404,657
36063023405,698
36063023500,807
36063023600,832
36063023700,689
36063023800,742
36063023901,793
36063023902,909
36063024001,596
36063024002,604
36063024101,541
36063024102,557
36063024201,627
36063024202,810
36063024301,579
36063024302,1266
36063024303,703
36063024401,1073
36063024404,783
36063024405,879
36063024406,996
36063024501,904
36063024502,917
36063024600,971
36063940001,-
36063940100,-
36063990000,-
36065020102,850
36065020300,668
36065020705,939
36065020802,751
36065020803,725
36065020900,793
36065021000,513
36065021103,580
36065021104,890
36065021201,623
36065021202,666
36065021301,"3,500+"
36065021302,671
36065021303,765
36065021401,722
36065021402,656
36065021500,740
36065021601,1101
36065021602,2105
36065021701,753
36065021702,862
36065021900,742
36065022000,846
36065022100,686
36065022200,895
36065022400,814
36065022500,668
36065022701,1099
36065022702,966
36065022800,954
36065023000,696
36065023200,749
36065023300,741
36065023400,698
36065023501,-
36065023502,1099
36065023702,705
36065023901,-
36065023902,725
36065024000,688
36065024101,428
36065024102,638
36065024200,663
36065024301,785
36065024302,691
36065024303,639
36065024400,810
36065024500,611
36065024700,588
36065024800,1060
36065024900,636
36065025001,1041
36065025002,938
36065025003,1179
36065025100,1320
36065025200,653
36065025300,1082
36065025400,866
36065025500,707
36065025601,843
36065025602,620
36065025700,641
36065025800,614
36065025900,-
36065026100,837
36065026200,1199
36065026300,622
36065026400,708
36065026501,-
36065026502,-
36065026600,-
36065026700,718
36065980002,-
36065980003,-
36065980100,-
36067000100,1314
36067000200,856
36067000300,926
36067000400,1010
36067000501,884
36067000600,681
36067000700,763
36067000800,788
36067000900,1023
36067001000,806
36067001400,919
36067001500,810
36067001600,835
36067001701,874
36067001702,867
36067001800,846
36067001900,857
36067002000,787
36067002101,825
36067002300,753
36067002400,938
36067002700,1005
36067002901,1068
36067003000,614
36067003200,1372
36067003400,974
36067003500,894
36067003601,815
36067003602,950
36067003800,753
36067003900,910
36067004000,759
36067004200,427
36067004301,616
36067004302,865
36067004401,1202
36067004500,1139
36067004600,1056
36067004800,1049
36067004900,946
36067005000,1169
36067005100,995
36067005200,824
36067005300,723
36067005400,777
36067005500,975
36067005601,1465
36067005602,1116
36067005700,879
36067005800,799
36067005900,842
36067006000,808
36067006101,833
36067006102,656
36067006103,1104
36067010100,1275
36067010200,618
36067010301,1077
36067010321,-
36067010322,1307
36067010400,745
36067010500,-
36067010600,846
36067010700,578
36067010800,981
36067010900,1379
36067011011,1091
36067011012,1006
36067011021,857
36067011022,1072
36067011101,1368
36067011102,1217
36067011201,1166
36067011202,1098
36067011231,1085
36067011232,1484
36067011241,-
36067011242,1072
36067011300,1937
36067011401,1031
36067011402,1048
36067011500,1453
36067011600,862
36067011700,1309
36067011800,1159
36067011900,1106
36067012000,672
36067012100,689
36067012200,891
36067012300,1168
36067012400,1606
36067012500,1249
36067012600,844
36067012700,1099
36067012800,1078
36067012900,864
36067013000,896
36067013100,-
36067013200,554
36067013300,1103
36067013400,1150
36067013500,1124
36067013600,1207
36067013701,1044
36067013800,922
36067013900,870
36067014000,979
36067014200,925
36067014300,780
36067014400,834
36067014500,1054
36067014600,926
36067014700,1609
36067014800,-
36067014900,863
36067015000,1299
36067015100,1080
36067015201,1048
36067015202,862
36067015203,1188
36067015400,989
36067015500,2000
36067015601,-
36067015602,1165
36067015701,-
36067015702,1625
36067015800,1080
36067016001,1306
36067016002,-
36067016100,822
36067016200,1005
36067016300,1172
36067016400,1282
36067016501,1055
36067016502,1016
36067016600,747
36067016700,1290
36067016801,1786
36067016802,814
36067016901,1048
36067016902,722
36067940000,-
36069050101,1581
36069050103,1040
36069050104,1617
36069050105,903
36069050106,-
36069050203,1230
36069050204,-
36069050205,1162
36069050206,1496
36069050302,940
36069050303,583
36069050304,961
36069050401,864
36069050402,851
36069050501,734
36069050502,708
36069050601,1303
36069050603,1260
36069050604,1127
36069050800,915
36069050900,963
36069051001,1127
36069051101,863
36069051102,927
36069051200,1049
36069051301,-
36069051302,885
36069051400,1549
36069051501,850
36069051502,916
36069051600,945
36069051700,804
36069051801,899
36069051900,1032
36069052001,819
36069052002,1067
36069052003,953
36069052101,1103
36069052102,-
36069052200,764
36071000100,1157
36071000200,1486
36071000301,1409
36071000302,1434
36071000400,1161
36071000501,1267
36071000502,1422
36071000600,1093
36071001100,1193
36071001200,1188
36071001300,1704
36071001500,1733
36071001601,1489
36071001602,1585
36071002100,1119
36071002200,1128
36071002300,1553
36071010101,1244
36071010102,2122
36071010200,1570
36071010300,1654
36071010400,1809
36071010501,1948
36071010502,2273
36071010601,-
36071010602,1506
36071010701,1166
36071010702,1380
36071010801,1360
36071010802,1356
36071010901,1306
36071010902,2013
36071011000,1610
36071011101,1144
36071011102,1723
36071011200,1815
36071011301,1444
36071011302,1413
36071011400,1425
36071011500,1066
36071011601,1600
36071011602,1125
36071011701,1265
36071011702,1486
36071011801,1485
36071011802,-
36071011900,1398
36071012100,1639
36071012200,1693
36071012300,1388
36071012601,998
36071012602,1548
36071012700,1551
36071012800,1182
36071012900,1471
36071013000,1856
36071013100,1645
36071013201,1009
36071013202,1398
36071013301,1409
36071013302,1150
36071013400,1973
36071013500,2222
36071013600,"3,500+"
36071013700,1488
36071013800,1430
36071013900,-
36071014101,1774
36071014102,1795
36071014201,2864
36071014202,2127
36071014301,1836
36071014302,1805
36071014400,1623
36071014501,1672
36071014502,1166
36071014601,1336
36071014602,1208
36071014700,1917
36071014801,1537
36071014802,1199
36071014900,1474
36071015003,1548
36071015005,1293
36071015007,1284
36071015008,1360
36071015009,1047
36071015010,1202
36071015100,1113
36071015201,-
36071015202,1126
36071015203,1891
36073040200,645
36073040300,591
36073040400,684
36073040500,684
36073040601,600
36073040602,-
36073040603,584
36073040701,690
36073040702,759
36073040801,723
36073040802,732
36073401200,650
36073401300,624
36073990000,-
36075020101,568
36075020102,492
36075020201,584
36075020202,556
36075020301,725
36075020303,661
36075020304,-
36075020400,691
36075020501,645
36075020502,621
36075020503,639
36075020600,730
36075020703,630
36075020704,840
36075020705,831
36075020706,817
36075020707,875
36075020800,568
36075020901,899
36075020903,1125
36075020904,628
36075020905,413
36075021001,814
36075021002,754
36075021003,-
36075021101,636
36075021102,888
36075021103,673
36075021104,845
36075021201,629
36075021202,694
36075021203,821
36075021300,803
36075021401,908
36075021402,779
36075021501,625
36075021503,582
36075021504,-
36075021505,871
36075021601,799
36075021602,1092
36075021603,984
36075021604,969
36075021605,823
36075990000,-
36077590101,665
36077590102,1119
36077590201,788
36077590202,1063
36077590301,628
36077590302,542
36077590401,729
36077590402,492
36077590500,875
36077590600,788
36077590701,755
36077590702,630
36077590800,858
36077590900,1025
36077591000,982
36077591100,959
36077591401,807
36077591402,796
36077591500,620
36077591601,784
36077591602,642
36077591700,414
36079010100,1625
36079010201,2158
36079010202,1432
36079010300,1621
36079010400,1235
36079010500,1562
36079010600,1836
36079010700,1780
36079010800,2350
36079010901,1656
36079010902,2590
36079011000,1431
36079011100,1568
36079011201,1310
36079011202,1524
36079011300,1784
36079011400,2093
36079011501,1048
36079011502,1380
36079011600,2149
36079011700,1722
36079011801,1614
36079011802,1663
36079011900,2184
36081000101,3114
36081000102,"3,500+"
36081000103,-
36081000104,-
36081000200,1739
36081000400,1953
36081000600,1904
36081000701,2675
36081000702,2456
36081000800,1831
36081001000,2000
36081001200,1648
36081001400,1773
36081001600,1786
36081001800,2098
36081001901,"3,500+"
36081001902,"3,500+"
36081001903,"3,500+"
36081002000,2203
36081002200,1401
36081002400,1883
36081002500,631
36081002600,1554
36081002800,1608
36081003000,1800
36081003100,2522
36081003200,2166
36081003301,3328
36081003302,1988
36081003400,1938
36081003600,1571
36081003700,-
36081003800,1645
36081003900,2166
36081004001,1736
36081004002,1640
36081004200,1850
36081004300,737
36081004401,1759
36081004500,1801
36081004700,1296
36081005000,-
36081005100,1996
36081005200,1763
36081005300,2055
36081005400,1726
36081005500,2266
36081005700,2027
36081005800,1774
36081005900,1988
36081006100,2035
36081006201,1567
36081006202,2115
36081006300,1963
36081006501,2015
36081006502,2109
36081006900,2194
36081007100,2237
36081007300,2189
36081007500,2009
36081007700,2591
36081007900,2221
36081008100,2761
36081008300,1836
36081008500,2002
36081008600,1774
36081008700,894
36081008800,1965
36081009100,2160
36081009400,1491
36081009500,2358
36081009600,2045
36081009700,2180
36081009800,1653
36081009900,-
36081010000,1685
36081010100,2120
36081010200,2027
36081010300,1804
36081010400,1691
36081010500,1998
36081010600,1626
36081010701,-
36081010800,2044
36081011000,1792
36081011100,2241
36081011200,2020
36081011300,2208
36081011400,2127
36081011500,2111
36081011600,1593
36081011700,2109
36081011800,2049
36081011900,1964
36081012000,1754
36081012100,1912
36081012200,1815
36081012301,2244
36081012400,1796
36081012500,1982
36081012601,1613
36081012602,1523
36081012800,1553
36081013000,1591
36081013200,1752
36081013400,1901
36081013500,2014
36081013600,1894
36081013700,2335
36081013800,1784
36081014000,1867
36081014100,1842
36081014201,1299
36081014202,1873
36081014300,1893
36081014400,1439
36081014500,1821
36081014700,2075
36081014800,1702
36081014900,1937
36081015000,1910
36081015100,1833
36081015200,1542
36081015300,1939
36081015400,1756
36081015500,2180
36081015600,1720
36081015700,1922
36081015801,1554
36081015802,1934
36081015900,1869
36081016100,1911
36081016300,620
36081016400,1808
36081016600,1701
36081016800,1866
36081016900,1944
36081017000,2112
36081017101,-
36081017102,"3,500+"
36081017200,1521
36081017400,2159
36081017600,1586
36081017800,2104
36081017901,1675
36081017902,-
36081018000,1847
36081018101,1736
36081018102,1828
36081018200,2053
36081018300,1920
36081018401,1563
36081018402,1444
36081018501,1766
36081018502,1983
36081018600,2240
36081018700,1808
36081018800,1800
36081018900,1773
36081019000,1688
36081019200,1917
36081019400,1809
36081019600,1513
36081019800,1648
36081019901,1726
36081019902,-
36081019903,-
36081020200,2209
36081020400,1603
36081020500,1520
36081020600,1884
36081020800,1698
36081021200,1598
36081021400,1804
36081021601,2051
36081021602,1753
36081021603,-
36081021900,-
36081022001,1825
36081022002,1894
36081022900,-
36081023000,1622
36081023200,1698
36081023501,1406
36081023502,1772
36081023600,1895
36081023800,1477
36081024000,1739
36081024300,1575
36081024500,1634
36081024600,-
36081024700,1687
36081024900,1823
36081025100,1726
36081025301,1848
36081025302,1879
36081025401,1834
36081025402,946
36081025500,1954
36081025700,1714
36081025800,1948
36081025900,1627
36081026000,987
36081026100,1627
36081026200,1784
36081026300,1706
36081026400,1158
36081026501,1792
36081026502,1918
36081026600,800
36081026700,1661
36081026901,1777
36081026902,1846
36081027000,1811
36081027101,1771
36081027102,1416
36081027200,1634
36081027301,1571
36081027302,1606
36081027400,1189
36081027500,1524
36081027600,1981
36081027701,1627
36081027702,1244
36081027800,794
36081027900,1858
36081028000,1411
36081028100,1732
36081028200,1781
36081028300,1966
36081028400,1537
36081028500,1469
36081028700,1420
36081028801,1760
36081028802,1905
36081028803,-
36081028900,1645
36081029100,1733
36081029300,1594
36081029400,1939
36081029500,1769
36081029700,2011
36081029900,-
36081030600,1514
36081030903,1827
36081030904,1401
36081030905,2110
36081030906,1854
36081031700,1942
36081032000,1993
36081032700,1857
36081032800,1979
36081032900,1899
36081033000,1956
36081033100,-
36081033401,1439
36081033403,1134
36081033404,1261
36081033405,1181
36081033700,2125
36081033900,1769
36081034700,2164
36081035100,1713
36081035200,1940
36081035300,1795
36081035700,1901
36081035800,1669
36081036100,1884
36081036300,1676
36081036500,1696
36081036600,1765
36081036700,1878
36081036800,1983
36081037100,1608
36081037300,1746
36081037501,1598
36081037502,1747
36081037600,1782
36081037700,2129
36081037900,1911
36081038100,1771
36081038301,-
36081038302,-
36081038400,1586
36081039400,1439
36081039800,1438
36081039901,1986
36081039902,1641
36081040000,1522
36081040101,1763
36081040102,1673
36081040200,1520
36081040301,1465
36081040302,1933
36081040400,1178
36081040501,1868
36081040502,1719
36081040701,1714
36081040702,1715
36081040901,2270
36081040902,1687
36081041100,1959
36081041300,1807
36081041400,1505
36081041500,2019
36081042400,1785
36081042600,-
36081042700,1492
36081043200,1847
36081043400,1435
36081043701,1824
36081043702,1946
36081043900,1874
36081044000,1872
36081044301,1538
36081044302,1825
36081044400,1327
36081044601,1536
36081044602,1595
36081044800,2071
36081045000,1141
36081045200,1765
36081045400,1977
36081045500,2035
36081045600,1484
36081045700,2018
36081045800,1695
36081045900,2049
36081046000,1507
36081046100,2001
36081046200,1854
36081046300,2075
36081046400,1711
36081046500,1837
36081046600,1903
36081046700,1935
36081046800,1680
36081046901,1851
36081046902,1427
36081047000,1803
36081047100,1780
36081047200,1772
36081047300,1853
36081047500,1919
36081047600,"3,500+"
36081047801,1640
36081047802,2141
36081047900,2087
36081048000,1840
36081048100,1920
36081048200,1669
36081048301,2056
36081048302,1854
36081048400,1700
36081048500,1931
36081048900,1891
36081049201,1400
36081049202,2108
36081049301,1923
36081049302,1792
36081049500,1880
36081049600,1763
36081049700,1817
36081049900,2094
36081050000,1443
36081050201,1570
36081050202,1543
36081050400,1737
36081050500,1742
36081050600,2064
36081050700,1960
36081050800,1327
36081051000,959
36081051100,2042
36081051200,-
36081051300,2051
36081051500,1708
36081051600,1440
36081051700,1495
36081051800,1273
36081052000,1021
36081052100,1738
36081052200,2013
36081052400,1217
36081052500,1865
36081052600,1283
36081052800,1258
36081053000,1483
36081053100,1766
36081053200,1682
36081053401,1029
36081053501,1709
36081053502,-
36081053601,-
36081053800,1639
36081053901,2209
36081053902,-
36081054000,1804
36081054200,1922
36081054500,1824
36081054700,1701
36081054800,1845
36081054900,1955
36081055100,1667
36081055200,1404
36081055300,2086
36081055400,1809
36081055500,1794
36081055600,1833
36081055700,1918
36081055800,2105
36081055900,2014
36081056000,1567
36081056100,-
36081056200,1938
36081056400,2002
36081056500,1693
36081056600,1441
36081056700,2112
36081056800,1639
36081057700,1774
36081057900,1408
36081058000,1753
36081058100,1544
36081058200,1332
36081058300,2186
36081058500,1905
36081058700,1664
36081058900,1787
36081059000,1067
36081059100,2011
36081059200,-
36081059300,1836
36081059400,-
36081059501,1829
36081059502,1761
36081059600,-
36081059800,1547
36081059900,2260
36081060000,-
36081060100,2101
36081060300,2065
36081060600,1281
36081060701,-
36081060800,1156
36081061000,-
36081061200,-
36081061301,1886
36081061302,-
36081061400,2442
36081061601,1689
36081061602,-
36081061800,1310
36081061900,1883
36081062000,-
36081062100,1864
36081062200,1607
36081062300,1471
36081062400,-
36081062500,1841
36081062600,1813
36081062700,1605
36081062900,2042
36081063000,1854
36081063200,1192
36081063301,2233
36081063302,2074
36081063500,1818
36081063700,2005
36081063800,1583
36081063900,1715
36081064101,862
36081064102,-
36081064500,2112
36081064600,1536
36081065000,1449
36081065401,1825
36081065402,-
36081065501,-
36081065600,2238
36081065702,1821
36081065703,2060
36081065900,1917
36081066000,2277
36081066100,2156
36081066301,2223
36081066302,-
36081066401,2574
36081066402,1982
36081066403,1830
36081066404,-
36081066501,2033
36081066701,2020
36081066900,2027
36081067100,2160
36081067700,2167
36081067900,1590
36081068000,2066
36081068200,1599
36081068300,1792
36081068700,1835
36081069000,2022
36081069300,1850
36081069400,2056
36081069500,1736
36081069701,2043
36081069702,1837
36081070300,1431
36081070700,2764
36081070900,2062
36081071100,2094
36081071303,2117
36081071304,1779
36081071305,2432
36081071306,1995
36081071600,-
36081071701,1764
36081071702,2227
36081071900,1840
36081072100,1203
36081072300,"3,500+"
36081072900,1306
36081073100,2042
36081073700,2224
36081073900,2230
36081074100,1811
36081074300,1722
36081074500,1431
36081074700,1781
36081074900,"3,500+"
36081075701,1811
36081075702,1973
36081076901,1902
36081076902,2195
36081077300,1735
36081077500,1737
36081077902,1639
36081077903,1747
36081077904,2075
36081077905,1474
36081077906,2021
36081077907,1557
36081077908,1874
36081078800,1843
36081079000,2077
36081079200,1627
36081079300,-
36081079701,1668
36081079702,1464
36081079900,1824
36081080301,1743
36081080302,2230
36081080900,1943
36081081400,1940
36081081800,1941
36081083700,1888
36081083800,2074
36081084000,1727
36081084500,1339
36081084601,1694
36081084602,"3,500+"
36081084901,1570
36081084902,1556
36081085300,1631
36081085500,1634
36081085700,1588
36081085900,1400
36081086100,1585
36081086300,1679
36081086400,1663
36081086500,1765
36081086900,1865
36081087100,1523
36081088400,1900
36081088902,1053
36081088903,952
36081089201,1899
36081089202,-
36081090700,2052
36081091602,-
36081091603,-
36081091604,-
36081091800,-
36081091900,1728
36081092200,2296
36081092500,1846
36081092800,1341
36081092900,2240
36081093401,1693
36081093402,1724
36081093800,1668
36081093900,2209
36081094201,1545
36081094202,1120
36081094203,1060
36081094500,2098
36081094700,1698
36081095400,1791
36081096400,1889
36081097202,1091
36081097204,1094
36081097205,662
36081097206,1060
36081097207,-
36081097300,1737
36081098100,1807
36081098700,1830
36081099100,1753
36081099200,1353
36081099701,2530
36081099703,2857
36081099704,2008
36081099705,2475
36081099801,1702
36081099802,1072
36081099900,-
36081100801,-
36081100803,773
36081100804,1669
36081101002,1089
36081101003,1307
36081101004,1122
36081101700,2292
36081102900,2112
36081103201,1545
36081103202,1432
36081103300,2115
36081103900,2328
36081104700,1905
36081105900,1725
36081107201,1425
36081107202,-
36081108500,1841
36081109300,1428
36081109700,2641
36081109900,2008
36081111300,2283
36081112300,1898
36081112900,2352
36081113300,1864
36081113900,1813
36081114100,2270
36081114700,2129
36081115100,2750
36081115500,1534
36081115700,1924
36081115900,1789
36081116100,1575
36081116301,1622
36081116302,1415
36081116700,1793
36081117100,1700
36081117500,1971
36081118100,1937
36081118500,1901
36081118700,1483
36081118900,1754
36081119100,1993
36081119300,1683
36081119500,2193
36081119900,-
36081120100,1802
36081120300,1500
36081120500,1088
36081120701,2313
36081120702,-
36081121100,-
36081121500,1865
36081122300,1981
36081122702,700
36081122703,1279
36081122704,1819
36081124100,2200
36081124700,2223
36081125700,1438
36081126500,2071
36081126700,1838
36081127700,2528
36081128300,-
36081129102,-
36081129103,2054
36081129104,1852
36081130100,1196
36081133300,1920
36081133900,-
36081134100,1254
36081134701,2116
36081134702,2132
36081136700,2361
36081137700,2041
36081138501,2914
36081138502,-
36081139900,3134
36081140300,1977
36081140901,-
36081140902,1808
36081141700,2282
36081142900,1966
36081143500,2741
36081144100,1979
36081144700,2313
36081145101,2088
36081145102,2619
36081145900,2307
36081146300,2163
36081146700,2070
36081147100,2537
36081147900,2144
36081148300,1750
36081150701,"3,500+"
36081150702,1919
36081152901,1838
36081152902,3019
36081155101,2343
36081155103,1875
36081155104,2109
36081156700,2149
36081157101,2099
36081157102,2003
36081157901,2233
36081157902,-
36081157903,1797
36081161700,1778
36081162100,1846
36081990100,-
36083040100,773
36083040200,781
36083040300,997
36083040400,997
36083040500,1008
36083040600,1037
36083040701,1222
36083040702,856
36083040800,1201
36083040900,1020
36083041000,1095
36083041101,1270
36083041102,-
36083041200,974
36083041300,1135
36083041400,1188
36083051500,1157
36083051601,861
36083051602,1609
36083051701,884
36083051702,774
36083051800,1036
36083051901,833
36083051902,777
36083052002,891
36083052003,1255
36083052004,1291
36083052101,837
36083052102,842
36083052103,1016
36083052201,1077
36083052203,834
36083052204,982
36083052301,1760
36083052303,1372
36083052305,1071
36083052306,920
36083052402,-
36083052405,863
36083052406,1448
36083052407,1653
36083052408,1006
36083052501,704
36083052502,1627
36083052503,960
36083052601,861
36083052602,881
36083052603,522
36085000300,1440
36085000600,1117
36085000700,1206
36085000800,1585
36085000900,1774
36085001100,1609
36085001700,1686
36085001800,2130
36085002001,1755
36085002002,1541
36085002100,1580
36085002700,1470
36085002900,-
36085003300,1666
36085003600,1860
36085003900,1898
36085004001,1438
36085004002,1366
36085004003,612
36085004004,1529
36085004700,1637
36085005000,1625
36085005901,1682
36085005902,-
36085006400,931
36085006700,1424
36085007001,1932
36085007002,2005
36085007400,924
36085007500,1369
36085007700,883
36085008100,-
36085009601,1361
36085009602,1818
36085009701,1585
36085009702,-
36085010500,1531
36085011201,1778
36085011203,1701
36085011204,-
36085011401,686
36085011402,2205
36085012100,-
36085012200,2077
36085012500,1695
36085012804,1989
36085012805,1183
36085012806,1793
36085013201,1833
36085013203,1568
36085013204,1558
36085013301,405
36085013302,1664
36085013400,1692
36085013800,1719
36085014100,1435
36085014604,2113
36085014605,1634
36085014606,1659
36085014607,1669
36085014608,-
36085014700,1876
36085015100,1562
36085015400,-
36085015601,1863
36085015602,1819
36085015603,2269
36085016901,2069
36085017005,1151
36085017007,1705
36085017009,2210
36085017011,2327
36085017012,1598
36085017013,1722
36085017014,1492
36085017015,1665
36085017016,1467
36085017300,558
36085017600,1406
36085017701,1827
36085017702,1706
36085018100,-
36085018701,1448
36085018703,1745
36085018704,363
36085018901,1952
36085018902,1607
36085019700,1742
36085019800,3110
36085020100,1535
36085020701,1423
36085020702,1764
36085020803,1768
36085020804,1239
36085020805,2087
36085020806,1414
36085021300,1712
36085022300,1585
36085022601,1645
36085022602,-
36085022801,-
36085022802,-
36085023100,1700
36085023900,1569
36085024401,1413
36085024402,1480
36085024700,1449
36085024800,1815
36085025100,1655
36085027301,1574
36085027302,1856
36085027702,1769
36085027704,1635
36085027705,1690
36085027706,1939
36085027900,1301
36085029102,1829
36085029104,1574
36085029105,2188
36085029106,1198
36085030301,1546
36085030302,1707
36085031901,523
36085031902,-
36085032300,2071
36085990100,-
36087010101,1661
36087010102,2111
36087010200,1188
36087010501,1227
36087010503,1800
36087010504,1721
36087010601,1360
36087010602,1586
36087010701,1137
36087010702,1786
36087010703,1925
36087010801,-
36087010802,-
36087010803,1821
36087010804,2173
36087010901,2141
36087010902,1463
36087011000,2300
36087011101,1539
36087011102,2140
36087011200,2059
36087011302,1142
36087011303,2055
36087011304,1617
36087011305,2314
36087011401,-
36087011403,-
36087011404,2293
36087011405,3068
36087011505,1629
36087011506,1409
36087011507,-
36087011508,1154
36087011509,1393
36087011510,2132
36087011511,2299
36087011512,-
36087011601,3024
36087011602,1503
36087011603,-
36087011700,2041
36087011800,1761
36087011901,1768
36087011902,1829
36087012000,2221
36087012107,1758
36087012108,1246
36087012109,1835
36087012110,1702
36087012111,2366
36087012112,1220
36087012113,1373
36087012114,1468
36087012115,1562
36087012116,1656
36087012203,1871
36087012204,1484
36087012205,1475
36087012206,1222
36087012301,1791
36087012302,1429
36087012401,1623
36087012403,1452
36087012404,1557
36087012503,575
36087012504,3018
36087012505,2240
36087012506,2354
36087012600,1601
36087012700,1470
36087012800,"3,500+"
36087013001,-
36087013002,1354
36087013003,-
36087013101,1693
36087013102,2465
36087013200,1962
36087013300,1865
36087013401,2195
36087013402,-
36089490100,610
36089490200,746
36089490300,583
36089490400,667
36089490500,662
36089490600,637
36089490700,709
36089490800,849
36089490900,750
36089491000,689
36089491100,-
36089491200,-
36089491300,672
36089491400,600
36089491500,690
36089491600,716
36089491700,351
36089491800,563
36089491900,-
36089492000,914
36089492100,596
36089492301,661
36089492302,957
36089492401,491
36089492501,561
36089492600,626
36089492700,694
36089492800,609
36089492900,571
36089493000,475
36091060102,1209
36091060103,-
36091060104,742
36091060200,987
36091060301,914
36091060400,907
36091060501,780
36091060504,544
36091060505,-
36091060506,1115
36091060507,1607
36091060601,1136
36091060602,942
36091060703,1145
36091060704,1780
36091060705,1324
36091060706,2120
36091060800,1157
36091060901,-
36091060902,869
36091061001,1532
36091061002,920
36091061101,884
36091061102,1833
36091061201,1239
36091061202,1445
36091061301,2092
36091061303,-
36091061304,-
36091061305,1215
36091061401,1053
36091061403,1661
36091061404,1725
36091061500,1077
36091061600,986
36091061701,1449
36091061702,1464
36091061800,1004
36091061904,1128
36091061905,1048
36091061906,1736
36091061907,1559
36091062001,1091
36091062002,1378
36091062100,988
36091062200,939
36091062300,895
36091062404,1361
36091062406,1338
36091062407,1572
36091062408,1293
36091062409,1294
36091062410,1332
36091062501,960
36091062503,1281
36091062505,-
36091062506,1416
36091062507,1318
36091062508,993
36091062509,1295
36091062601,-
36091062602,1020
36091062700,1032
36091062800,886
36091062900,855
36093020101,1124
36093020102,825
36093020200,994
36093020300,1004
36093020500,1318
36093020600,986
36093020700,1070
36093020800,989
36093020900,907
36093021001,793
36093021002,438
36093021200,853
36093021400,951
36093021500,885
36093021600,828
36093021700,736
36093021801,986
36093021802,1131
36093031901,1392
36093031902,902
36093032000,1434
36093032101,1625
36093032102,-
36093032200,863
36093032300,915
36093032402,1522
36093032403,1316
36093032404,1133
36093032502,675
36093032503,1406
36093032504,831
36093032601,1391
36093032602,1161
36093032700,1027
36093032901,978
36093032902,780
36093033002,966
36093033003,1139
36093033004,1530
36093033101,1104
36093033102,-
36093033200,941
36093033300,992
36093033400,1018
36093033500,1015
36095740100,697
36095740200,759
36095740300,-
36095740400,830
36095740500,815
36095740600,630
36095740700,826
36095740800,906
36097950100,767
36097950200,1199
36097950300,561
36097950400,615
36097950500,692
36099950100,742
36099950200,823
36099950300,1177
36099950400,767
36099950500,794
36099950600,495
36099950700,1021
36099950801,-
36099950802,716
36099950900,655
36099951000,825
36101960100,909
36101960200,783
36101960300,647
36101960400,677
36101960500,683
36101960600,485
36101960700,614
36101960800,694
36101960900,674
36101961000,543
36101961100,578
36101961200,627
36101961300,644
36101961400,634
36101961500,617
36101961600,602
36101961700,732
36101961800,633
36101961900,735
36101962000,554
36101962100,590
36101962200,608
36101962301,1317
36101962302,701
36101962400,890
36101962500,640
36101962600,841
36101962700,909
36101962800,929
36101962900,960
36101963000,631
36103110101,1821
36103110103,2576
36103110104,-
36103110200,"3,500+"
36103110300,2190
36103110401,-
36103110402,3432
36103110501,-
36103110502,1706
36103110601,2400
36103110602,1529
36103110801,3179
36103110803,-
36103110901,2413
36103110902,1527
36103111001,1813
36103111002,2648
36103111101,1671
36103111102,2179
36103111103,1202
36103111201,1300
36103111202,1704
36103111300,1840
36103111401,1597
36103111402,-
36103111503,325
36103111504,-
36103111506,-
36103111507,2231
36103111508,2538
36103111601,1726
36103111602,1632
36103111701,2212
36103111703,-
36103111704,3100
36103111801,2003
36103111802,-
36103111803,2868
36103111804,-
36103111900,2758
36103112001,1736
36103112002,2188
36103112102,-
36103112103,2569
36103112104,2125
36103112204,2156
36103112211,-
36103112212,-
36103112213,2083
36103112215,"3,500+"
36103112216,-
36103112217,3098
36103112218,2343
36103112219,-
36103112220,-
36103122300,2103
36103122405,2679
36103122407,-
36103122408,-
36103122502,-
36103122602,-
36103122603,2769
36103122604,2886
36103122605,2235
36103122704,1769
36103122705,1490
36103122706,1877
36103122707,2839
36103122801,1660
36103122802,1568
36103122901,3050
36103122902,2200
36103123001,1815
36103123002,1827
36103123101,2280
36103123102,-
36103123201,1964
36103123203,1785
36103123204,2421
36103123303,2349
36103123304,2349
36103123401,2056
36103123403,2207
36103123404,1710
36103123500,2065
36103123600,100-
36103123701,2004
36103123703,1624
36103123704,1853
36103123801,3406
36103123802,2275
36103123900,1230
36103124001,1757
36103124002,1152
36103124101,2169
36103124102,1889
36103124200,1679
36103124301,2554
36103124302,1690
36103124401,2264
36103124402,2435
36103124500,2275
36103124601,1917
36103124602,2219
36103134702,1770
36103134703,-
36103134704,1492
36103134902,1770
36103134906,624
36103134907,1724
36103134908,2523
36103134909,1963
36103135002,1820
36103135003,2234
36103135004,2805
36103135005,2721
36103135101,-
36103135102,2297
36103135103,-
36103135104,-
36103135201,2696
36103135205,2563
36103135208,-
36103135209,2389
36103135303,-
36103135305,-
36103135306,1500
36103135401,3253
36103135402,1886
36103135403,1859
36103135500,-
36103145701,2590
36103145703,1658
36103145705,2108
36103145706,2521
36103145803,-
36103145804,2019
36103145807,2423
36103145808,1727
36103145809,1880
36103145810,-
36103145901,1955
36103145903,2134
36103145904,630
36103145905,1715
36103146002,1847
36103146004,1672
36103146005,1567
36103146102,1244
36103146103,1063
36103146202,2005
36103146203,2065
36103146205,1879
36103146206,2300
36103146300,-
36103146402,2164
36103146403,2187
36103146404,1938
36103146500,2124
36103146607,2452
36103146608,2492
36103146611,2336
36103146612,2700
36103146613,1829
36103146614,1802
36103146616,-
36103146617,2184
36103146618,2249
36103146619,2258
36103146620,2535
36103146703,2512
36103146704,-
36103146705,-
36103146706,2682
36103146800,"3,500+"
36103146901,1705
36103146902,-
36103147001,1801
36103147003,-
36103147004,-
36103147100,1728
36103147201,1943
36103147202,2029
36103147301,2178
36103147302,1990
36103147401,2212
36103147402,1750
36103147502,-
36103147503,2639
36103147504,-
36103147505,2626
36103147601,2371
36103147602,1952
36103147701,2330
36103147702,2515
36103147802,2365
36103147803,2203
36103147804,1784
36103147901,1816
36103147902,1198
36103158001,2813
36103158009,"3,500+"
36103158010,-
36103158011,2074
36103158012,"3,500+"
36103158013,2438
36103158014,-
36103158015,-
36103158016,"3,500+"
36103158017,2302
36103158102,1900
36103158103,2010
36103158107,-
36103158108,1852
36103158111,"3,500+"
36103158112,2131
36103158114,2592
36103158116,2285
36103158117,-
36103158118,"3,500+"
36103158119,1750
36103158120,1844
36103158205,2083
36103158206,2169
36103158207,1875
36103158208,2679
36103158209,2267
36103158304,1155
36103158306,-
36103158309,2166
36103158310,1848
36103158315,2538
36103158317,2888
36103158318,2132
36103158319,2053
36103158320,953
36103158322,3260
36103158324,2654
36103158325,2466
36103158326,1299
36103158327,3228
36103158328,-
36103158329,2045
36103158401,-
36103158402,1771
36103158403,1861
36103158407,2259
36103158408,1829
36103158409,1887
36103158410,1750
36103158411,-
36103158412,972
36103158502,1637
36103158505,2471
36103158506,-
36103158509,2222
36103158510,2438
36103158511,-
36103158512,-
36103158513,-
36103158514,2265
36103158604,1651
36103158605,-
36103158606,2255
36103158607,1796
36103158608,1500
36103158609,2575
36103158705,2234
36103158707,1714
36103158708,1589
36103158709,2562
36103158710,2137
36103158711,2678
36103158712,2671
36103158713,1768
36103158714,2724
36103158715,2198
36103158802,2064
36103158803,-
36103158805,1785
36103158806,2344
36103158901,2026
36103158902,2189
36103159000,2203
36103159103,2203
36103159106,3100
36103159107,2250
36103159108,-
36103159109,2224
36103159110,978
36103159111,2657
36103159112,2131
36103159201,2586
36103159203,1469
36103159204,2597
36103159300,1953
36103159406,2183
36103159407,2292
36103159408,1237
36103159410,2151
36103159411,1240
36103159413,2264
36103159414,2132
36103159415,2261
36103159416,1836
36103159509,2397
36103159510,1438
36103159511,1875
36103159512,-
36103159513,2215
36103159514,1203
36103159515,2244
36103159516,2283
36103159517,2150
36103159518,1461
36103159602,2628
36103159603,-
36103159604,2538
36103159700,2233
36103169701,-
36103169703,-
36103169705,1771
36103169706,1292
36103169800,2148
36103169903,-
36103169904,2621
36103169905,-
36103169906,2238
36103170003,1224
36103170004,1767
36103170005,2221
36103170006,3043
36103170101,1848
36103170203,1794
36103170204,2163
36103170205,1864
36103170206,1792
36103180300,-
36103190402,1395
36103190403,1726
36103190404,2352
36103190405,2131
36103190502,2104
36103190503,1607
36103190504,2000
36103190603,2121
36103190604,-
36103190605,2875
36103190606,1902
36103190706,1702
36103190708,"3,500+"
36103190709,-
36103190710,1354
36103190711,1864
36103190712,-
36103190713,3046
36103190714,2096
36103190801,3050
36103190802,2352
36103200901,2538
36103200903,3087
36103200904,1163
36103200905,3110
36103200906,1763
36103201005,1796
36103201006,-
36103201007,-
36103201008,2205
36103201009,3219
36103201010,2443
36103990100,-
36105950100,746
36105950201,913
36105950202,928
36105950300,769
36105950400,863
36105950500,697
36105950600,966
36105950701,888
36105950702,763
36105950801,956
36105950802,830
36105950900,942
36105951000,857
36105951100,1368
36105951201,1358
36105951202,1028
36105951301,1109
36105951302,1151
36105951500,818
36105951600,978
36105951701,1168
36105951702,1183
36105951801,935
36105951802,1303
36105951900,936
36105952000,1067
36105952100,-
36105952200,869
36105952300,755
36105952400,938
36105952500,619
36107020101,591
36107020102,650
36107020200,629
36107020300,835
36107020401,893
36107020402,902
36107020500,731
36107020600,818
36107020701,727
36107020702,683
36107020703,833
36109000100,1431
36109000201,1157
36109000202,1204
36109000300,1122
36109000400,1393
36109000500,1489
36109000600,1835
36109000700,1554
36109000800,1210
36109000900,1147
36109001000,1276
36109001100,1572
36109001200,1669
36109001301,1573
36109001302,1146
36109001400,1208
36109001500,1611
36109001600,1005
36109001700,1095
36109001800,1048
36109001901,1154
36109001902,914
36109002000,861
36109002100,897
36109002200,775
36109002300,955
36111950100,-
36111950200,1008
36111950300,1198
36111950400,1014
36111950500,1652
36111950600,1255
36111950900,1071
36111951000,2019
36111951100,1469
36111951200,1085
36111951300,1351
36111951400,766
36111951500,1296
36111951600,685
36111951700,1475
36111951800,923
36111951900,1208
36111952000,1121
36111952100,1281
36111952200,1351
36111952300,1219
36111952400,1207
36111952500,1651
36111952600,1157
36111952700,1139
36111952800,1517
36111952901,1116
36111952902,-
36111953000,888
36111953300,785
36111953400,1673
36111953500,1369
36111953600,1358
36111953700,1498
36111953800,1153
36111953900,1675
36111954000,959
36111954100,1342
36111954200,1401
36111954401,1131
36111954402,1169
36111954500,896
36111954600,-
36111954700,1099
36111954800,935
36111954900,1558
36111955001,1117
36111955002,746
36111955300,969
36111955400,1123
36113070100,989
36113070200,908
36113070300,897
36113070400,939
36113070500,866
36113070602,960
36113070603,1089
36113070604,1178
36113070701,1186
36113070702,-
36113070801,1097
36113070802,1117
36113070900,1444
36113071000,758
36113072001,930
36113072002,786
36113073000,747
36113073500,-
36113074000,942
36113075001,715
36113075002,786
36113076000,507
36113078000,800
36115080100,781
36115080200,976
36115080301,1102
36115080302,881
36115081001,808
36115081002,656
36115082001,834
36115082002,803
36115084001,727
36115084002,594
36115085000,913
36115086000,832
36115087000,901
36115088001,1188
36115088002,764
36115089000,931
36115090000,722
36115091000,889
36115092000,1083
36115093000,647
36115094000,865
36117020103,-
36117020104,1068
36117020105,1036
36117020106,587
36117020201,872
36117020202,676
36117020302,1277
36117020303,910
36117020401,-
36117020402,461
36117020500,484
36117020601,-
36117020602,854
36117020700,838
36117020800,627
36117020900,721
36117021000,962
36117021100,706
36117021200,772
36117021400,658
36117021501,-
36117021502,504
36117021600,640
36117021700,770
36117021800,596
36117990100,-
36119000101,1535
36119000103,1192
36119000104,3031
36119000202,1710
36119000203,1568
36119000204,946
36119000205,1311
36119000300,979
36119000401,1985
36119000403,1245
36119000404,1645
36119000501,993
36119000502,625
36119000601,1387
36119000602,1470
36119000701,1923
36119000702,2191
36119000801,1610
36119000802,2026
36119000803,1866
36119000900,1950
36119001000,799
36119001101,1503
36119001102,1588
36119001200,1565
36119001301,1239
36119001302,1569
36119001304,1160
36119001305,1250
36119001401,2125
36119001402,1315
36119001403,1526
36119001502,1926
36119001503,1641
36119001504,1755
36119001505,1755
36119001600,1767
36119001701,2074
36119001702,1942
36119001800,1396
36119001900,2143
36119002000,2715
36119002101,2022
36119002103,-
36119002104,1666
36119002105,1670
36119002106,2058
36119002107,1709
36119002201,1994
36119002202,1582
36119002203,633
36119002204,2088
36119002300,1807
36119002401,2161
36119002402,1710
36119002403,1788
36119002404,1913
36119002405,2046
36119002600,1587
36119002700,1794
36119002800,953
36119002900,722
36119003000,1239
36119003100,1206
36119003200,1564
36119003300,1679
36119003400,2077
36119003500,1419
36119003600,1241
36119003700,1571
36119003800,1702
36119003900,1637
36119004001,1501
36119004002,1466
36119004100,1506
36119004200,1410
36119004500,1922
36119004600,3481
36119004700,"3,500+"
36119004801,2307
36119004802,1499
36119004900,2305
36119005001,2277
36119005002,-
36119005100,1898
36119005200,-
36119005300,2278
36119005400,2165
36119005500,2205
36119005600,-
36119005702,1915
36119005703,2063
36119005704,1481
36119005800,1497
36119005901,1717
36119005902,1943
36119006000,2215
36119006100,2605
36119006200,1462
36119006301,1791
36119006302,1325
36119006400,1442
36119006500,1593
36119006600,2116
36119006700,-
36119006801,"3,500+"
36119006802,1840
36119006900,2188
36119007000,2244
36119007100,2069
36119007200,1737
36119007300,2100
36119007401,2097
36119007402,1522
36119007500,1813
36119007600,"3,500+"
36119007700,3417
36119007800,1468
36119007901,1682
36119007902,2303
36119008000,1746
36119008100,2032
36119008200,1809
36119008301,2235
36119008302,2155
36119008401,2468
36119008403,2291
36119008404,2457
36119008500,-
36119008602,3352
36119008700,2139
36119008801,2413
36119008802,1595
36119008901,1733
36119008902,1735
36119009000,2380
36119009100,2099
36119009201,3137
36119009202,1829
36119009300,1437
36119009400,1955
36119009500,2243
36119009600,2865
36119009701,"3,500+"
36119009702,-
36119009703,"3,500+"
36119009800,"3,500+"
36119009900,"3,500+"
36119010000,"3,500+"
36119010100,"3,500+"
36119010200,2313
36119010300,1653
36119010400,2283
36119010500,2103
36119010600,"3,500+"
36119010701,1781
36119010702,2394
36119010801,-
36119010803,1897
36119010804,2265
36119010901,2040
36119010902,1861
36119010903,1420
36119011000,2022
36119011101,3119
36119011102,2917
36119011200,2189
36119011300,2255
36119011401,2282
36119011402,2718
36119011500,1902
36119011601,1512
36119011602,1809
36119011700,2305
36119011800,"3,500+"
36119011902,2290
36119012000,3250
36119012101,-
36119012102,2418
36119012201,1620
36119012202,1927
36119012301,2145
36119012303,2582
36119012304,-
36119012400,"3,500+"
36119012501,1921
36119012502,3143
36119012503,2025
36119012600,2408
36119012700,2371
36119012803,1792
36119012804,1928
36119012900,1651
36119013000,1380
36119013102,2260
36119013103,3032
36119013104,-
36119013201,"3,500+"
36119013202,2122
36119013301,2055
36119013304,1974
36119013401,1703
36119013402,2082
36119013500,2000
36119013600,1480
36119013700,"3,500+"
36119013800,1995
36119013900,1920
36119014000,1827
36119014100,1886
36119014200,2222
36119014300,1458
36119014400,1829
36119014500,1878
36119014604,1605
36119014605,1739
36119014606,-
36119014607,1548
36119014701,1979
36119014703,2336
36119014704,1643
36119014805,-
36119014806,1735
36119014808,3115
36119014809,939
36119014810,2134
36119014811,-
36119014812,1176
36119014813,2200
36119014901,-
36119014903,3197
36119014907,1881
36119014908,"3,500+"
36119014909,2455
36119015000,1660
36119015100,1850
36119981000,1225
36119982000,-
36119983000,-
36119984000,1361
36119985000,-
36121970100,621
36121970201,-
36121970202,633
36121970300,489
36121970400,625
36121970500,724
36121970600,616
36121970700,529
36121970800,690
36121970900,778
36121971000,677
36121971100,650
36123150101,576
36123150102,692
36123150200,600
36123150301,797
36123150302,708
36123150400,733
36123150501,543
36123150502,648
